TermID	padj	species
cutin biosynthetic process	5.022539880492236e-40	Gmax
lipid catabolic process	5.435809446523685e-35	Gmax
phospholipid catabolic process	9.505432111077211e-34	Gmax
long-chain fatty acid metabolic process	2.5956757477017602e-30	Gmax
glycolytic process	2.5241443660907504e-29	Gmax
trehalose metabolic process	2.8794055186194303e-28	Gmax
trehalose metabolism in response to stress	5.030777370140955e-27	Gmax
carbohydrate metabolic process	1.337418358132934e-26	Gmax
fatty acid beta-oxidation	3.431736826649901e-24	Gmax
phosphatidylcholine metabolic process	5.974534641103351e-24	Gmax
fatty acid metabolic process	1.1715614789704663e-23	Gmax
trehalose biosynthetic process	7.035876486921802e-22	Gmax
carboxylic acid metabolic process	3.960864090434307e-19	Gmax
glutamate catabolic process	4.517772343363982e-19	Gmax
carbohydrate phosphorylation	4.517772343363982e-19	Gmax
glucose 6-phosphate metabolic process	2.8851636274630577e-18	Gmax
acetyl-CoA biosynthetic process from pyruvate	7.199981862082285e-17	Gmax
phosphatidylinositol-mediated signaling	7.199981862082285e-17	Gmax
cellular glucose homeostasis	7.199981862082285e-17	Gmax
polyamine catabolic process	1.8145755765338387e-15	Gmax
amine metabolic process	4.569800609766466e-15	Gmax
inositol trisphosphate metabolic process	6.685772506700585e-15	Gmax
lipid metabolic process	1.2601578337085215e-14	Gmax
hexose metabolic process	5.517095089972553e-14	Gmax
cellular amino acid metabolic process	5.116605497303548e-13	Gmax
inositol phosphorylation	8.768355176468046e-13	Gmax
wax biosynthetic process	8.768355176468046e-13	Gmax
fructose 1,6-bisphosphate metabolic process	2.0898205927754878e-12	Gmax
metabolic process	6.172137660537336e-12	Gmax
glucan catabolic process	1.3558699936528892e-11	Gmax
glutamate metabolic process	1.3558699936528892e-11	Gmax
nitrogen compound metabolic process	1.649672617017758e-11	Gmax
glutamine family amino acid biosynthetic process	1.649672617017758e-11	Gmax
proline biosynthetic process	1.649672617017758e-11	Gmax
tricarboxylic acid cycle	1.9418848841655743e-11	Gmax
cellular response to glucose starvation	4.8801005834725114e-11	Gmax
glycosaminoglycan biosynthetic process	4.8801005834725114e-11	Gmax
UDP-glucuronate biosynthetic process	4.8801005834725114e-11	Gmax
branched-chain amino acid biosynthetic process	2.059842611949437e-10	Gmax
fructose metabolic process	4.091279906117664e-10	Gmax
branched-chain amino acid metabolic process	1.1434437472214553e-9	Gmax
nucleotide biosynthetic process	1.222252347702161e-9	Gmax
folic acid metabolic process	3.741060185890961e-9	Gmax
L-proline biosynthetic process	3.741060185890961e-9	Gmax
L-serine catabolic process	3.741060185890961e-9	Gmax
glycine biosynthetic process from serine	6.0397369445663485e-9	Gmax
tetrahydrofolate biosynthetic process	6.0397369445663485e-9	Gmax
cellular response to tetrahydrofolate	7.208809406022652e-9	Gmax
malate metabolic process	3.3898531632096005e-8	Gmax
one-carbon metabolic process	4.5002933403743156e-8	Gmax
tetrahydrofolate metabolic process	4.686105235716355e-8	Gmax
fatty acid beta-oxidation using acyl-CoA oxidase	7.251428719371905e-8	Gmax
glycine metabolic process	9.041926510739297e-8	Gmax
glutathione metabolic process	1.0104487462355328e-7	Gmax
ascorbate glutathione cycle	3.251436590661889e-7	Gmax
galactose catabolic process	3.251436590661889e-7	Gmax
long-chain fatty acid import into peroxisome	3.251436590661889e-7	Gmax
pentose catabolic process	3.251436590661889e-7	Gmax
ribonucleoside monophosphate biosynthetic process	3.251436590661889e-7	Gmax
very long-chain fatty acid catabolic process	3.251436590661889e-7	Gmax
tetrahydrofolate interconversion	5.614045603938745e-7	Gmax
carbamoyl phosphate biosynthetic process	7.129432080048242e-7	Gmax
starch biosynthetic process	1.2217837747157142e-6	Gmax
folic acid-containing compound metabolic process	1.5127119339818742e-6	Gmax
cellular amino acid biosynthetic process	1.5796767979111128e-6	Gmax
urea cycle	2.0723184741742918e-6	Gmax
heme biosynthetic process	2.237418466663117e-6	Gmax
gluconeogenesis	2.7601510103746577e-6	Gmax
pigment biosynthetic process	3.196099978234446e-6	Gmax
cellular carbohydrate metabolic process	4.11813004505777e-6	Gmax
glutamine biosynthetic process	4.794165060596284e-6	Gmax
glutathione catabolic process	9.21099427588393e-6	Gmax
glucosinolate catabolic process	9.21099427588393e-6	Gmax
porphyrin-containing compound biosynthetic process	1.1267849566171809e-5	Gmax
5-phosphoribose 1-diphosphate biosynthetic process	1.7437148961314145e-5	Gmax
folic acid biosynthetic process	1.7437148961314145e-5	Gmax
protein glutathionylation	5.086367068506801e-5	Gmax
arginine biosynthetic process	6.838553206719211e-5	Gmax
dTMP biosynthetic process	1.021022921075422e-4	Gmax
ketone body biosynthetic process	1.021022921075422e-4	Gmax
valine metabolic process	1.021022921075422e-4	Gmax
lipid homeostasis	1.5128862091201117e-4	Gmax
pentose-phosphate shunt, non-oxidative branch	1.5521918208129295e-4	Gmax
sugar mediated signaling pathway	1.5521918208129295e-4	Gmax
phosphorylation	1.8616953206386226e-4	Gmax
very long-chain fatty acid metabolic process	2.387266721641286e-4	Gmax
dCTP catabolic process	4.5812043268624795e-4	Gmax
DNA protection	4.5812043268624795e-4	Gmax
thymine catabolic process	4.5812043268624795e-4	Gmax
leucine biosynthetic process	4.586639105196088e-4	Gmax
riboflavin biosynthetic process	4.586639105196088e-4	Gmax
intracellular signal transduction	4.586639105196088e-4	Gmax
inositol biosynthetic process	7.61844701110727e-4	Gmax
inositol metabolic process	0.0011849195529751596	Gmax
leucine catabolic process	0.0011849195529751596	Gmax
glycogen biosynthetic process	0.0015608649034326396	Gmax
cellular response to amino acid stimulus	0.0017108902552077148	Gmax
nucleoside triphosphate catabolic process	0.0017108902552077148	Gmax
signal transduction	0.0021028307826867773	Gmax
acetyl-CoA biosynthetic process from acetate	0.0022175688482381586	Gmax
peroxisome organization	0.0024493231569418317	Gmax
cellular biosynthetic process	0.0027716060122580355	Gmax
embryo development ending in seed dormancy	0.0027716060122580355	Gmax
plant-type cell wall biogenesis	0.0027716060122580355	Gmax
brassinosteroid biosynthetic process	0.003104287324602569	Gmax
glutamine metabolic process	0.003104287324602569	Gmax
brassinosteroid homeostasis	0.003369486446690975	Gmax
monocarboxylic acid metabolic process	0.0035585393892443177	Gmax
valine catabolic process	0.003944637484951176	Gmax
cellular response to hypoxia	0.005850497776210407	Gmax
glycine biosynthetic process, by transamination of glyoxylate	0.005850497776210407	Gmax
inositol lipid-mediated signaling	0.005850497776210407	Gmax
negative regulation of hypoxia-induced intrinsic apoptotic signaling pathway	0.005850497776210407	Gmax
isoprenoid biosynthetic process	0.006163839871148849	Gmax
purine nucleotide biosynthetic process	0.006286973855659141	Gmax
organic substance metabolic process	0.008358264687866466	Gmax
nucleoside metabolic process	0.008606213073676351	Gmax
response to chemical	0.00905075612322759	Gmax
biosynthetic process	0.010801918520155461	Gmax
L-alanine catabolic process	0.010859026543494552	Gmax
nitric oxide biosynthetic process	0.010859026543494552	Gmax
regulation of macromolecule metabolic process	0.012285018068260644	Gmax
sterol metabolic process	0.016774941197906637	Gmax
chiasma assembly	0.017409733523205264	Gmax
farnesyl diphosphate biosynthetic process	0.017409733523205264	Gmax
obsolete oxidation-reduction process	0.019649846399013206	Gmax
glucose metabolic process	0.01972562627454098	Gmax
pentose-phosphate shunt	0.01972562627454098	Gmax
response to salt stress	0.024064957989269494	Gmax
oxaloacetate metabolic process	0.024953374433434213	Gmax
'de novo' pyrimidine nucleobase biosynthetic process	0.027761717891780807	Gmax
malonyl-CoA biosynthetic process	0.03368039943286352	Gmax
NADH metabolic process	0.03368039943286352	Gmax
purine nucleobase metabolic process	0.03368039943286352	Gmax
translational elongation	0.04934075200500123	Gmax
Phospholipase D/Transphosphatidylase	3.7605081598983945e-28	Gmax
Glycosyl transferase, family 20	7.186320029929293e-28	Gmax
Phospholipid/glycerol acyltransferase	9.839725285718712e-27	Gmax
Long-chain fatty acid CoA synthetase, eukaryotic	8.923474149900177e-24	Gmax
AMP-dependent synthetase/ligase	1.4941237569897277e-23	Gmax
ANL, N-terminal domain	1.4941237569897277e-23	Gmax
Phospholipase D, C-terminal	6.863959228589258e-23	Gmax
AMP-binding, conserved site	1.0386670828784924e-22	Gmax
Phospholipase D family	1.0731677456919854e-22	Gmax
Aldolase-type TIM barrel	1.1873043248040403e-21	Gmax
Phospholipase D, plant	1.7711418581394884e-21	Gmax
Trehalose-phosphatase	2.5533558967544548e-21	Gmax
C2 domain	4.020791727367378e-21	Gmax
Phosphoinositide phospholipase C family	1.1489290326423067e-19	Gmax
Phospholipase C, phosphatidylinositol-specific, Y domain	1.1489290326423067e-19	Gmax
C2 domain superfamily	7.797910099055645e-19	Gmax
Phosphatidylinositol-specific phospholipase C, X domain	1.3554352482774643e-18	Gmax
Flavin amine oxidase	2.7720044983801045e-17	Gmax
Hexokinase, N-terminal	9.300509924144617e-17	Gmax
Hexokinase	2.3640619574253714e-16	Gmax
Hexokinase, C-terminal	2.3640619574253714e-16	Gmax
HAD-superfamily hydrolase, subfamily IIB	4.791313881899598e-16	Gmax
Amine oxidase	1.5811619355788905e-15	Gmax
Copper amine oxidase, N-terminal	1.5811619355788905e-15	Gmax
Copper amine oxidase, N2-terminal	1.5811619355788905e-15	Gmax
Copper amine oxidase, N3-terminal	1.5811619355788905e-15	Gmax
Fructose-bisphosphate aldolase class-I active site	1.5811619355788905e-15	Gmax
Fructose-bisphosphate aldolase, class-I	1.5811619355788905e-15	Gmax
Pyridoxal phosphate-dependent transferase	4.146321658122521e-15	Gmax
Pyridoxal phosphate-dependent transferase, major domain	5.028528316335026e-15	Gmax
Phospholipase D-like domain	8.631166655300554e-15	Gmax
NAD(P)-binding domain superfamily	9.950425385347438e-15	Gmax
Copper amine oxidase	9.950425385347438e-15	Gmax
Copper amine oxidase, catalytic domain	9.950425385347438e-15	Gmax
Copper amine oxidase, catalytic domain superfamily	9.950425385347438e-15	Gmax
Inositol 1,3,4-trisphosphate 5/6-kinase, ATP-grasp domain	1.4047007845157929e-14	Gmax
Inositol-tetrakisphosphate 1-kinase	1.4047007845157929e-14	Gmax
Inositol-tetrakisphosphate 1-kinase, N-terminal	1.4047007845157929e-14	Gmax
Delta l-pyrroline-5-carboxylate synthetase	1.2771506383536557e-12	Gmax
Glutamate 5-kinase, conserved site	1.2771506383536557e-12	Gmax
Glutamate 5-kinase/delta-1-pyrroline-5-carboxylate synthase	1.2771506383536557e-12	Gmax
Glutamate dehydrogenase	1.2771506383536557e-12	Gmax
GPR domain	1.2771506383536557e-12	Gmax
Leu/Phe/Val dehydrogenases active site	1.2771506383536557e-12	Gmax
NAD(P) binding domain of glutamate dehydrogenase	1.2771506383536557e-12	Gmax
PLC-like phosphodiesterase, TIM beta/alpha-barrel domain superfamily	1.8345102432263712e-12	Gmax
Malate dehydrogenase, active site	5.438848350265709e-12	Gmax
Dihydrofolate reductase-like domain superfamily	9.306892361642868e-12	Gmax
Glycoside hydrolase family 27/36, conserved site	9.306892361642868e-12	Gmax
Carbohydrate/purine kinase, PfkB, conserved site	1.5616013374332297e-11	Gmax
Pyridoxal phosphate-dependent transferase, small domain	2.0882844158819676e-11	Gmax
Glutamate/acetylglutamate kinase	3.7008981975841806e-11	Gmax
Glutamate/phenylalanine/leucine/valine dehydrogenase	3.7008981975841806e-11	Gmax
Glutamate/phenylalanine/leucine/valine dehydrogenase, dimerisation domain	3.7008981975841806e-11	Gmax
UDP-glucose/GDP-mannose dehydrogenase	3.7008981975841806e-11	Gmax
HAD superfamily	6.386269064938803e-11	Gmax
Citrate synthase active site	9.753408744816559e-11	Gmax
Ferrochelatase, active site	9.753408744816559e-11	Gmax
Ferrochelatase, C-terminal	9.753408744816559e-11	Gmax
Ferrochelatase, N-terminal	9.753408744816559e-11	Gmax
Gamma-glutamyl phosphate reductase GPR, conserved site	9.753408744816559e-11	Gmax
Hexokinase, binding site	9.753408744816559e-11	Gmax
Pyruvate dehydrogenase (acetyl-transferring) E1 component, alpha subunit, subgroup y	9.753408744816559e-11	Gmax
Ribokinase/fructokinase	9.753408744816559e-11	Gmax
UDP-glucose 6-dehydrogenase, eukaryotic type	9.753408744816559e-11	Gmax
UDP-glucose/GDP-mannose dehydrogenase, C-terminal	9.753408744816559e-11	Gmax
UDP-glucose/GDP-mannose dehydrogenase, C-terminal domain superfamily	9.753408744816559e-11	Gmax
UDP-glucose/GDP-mannose dehydrogenase, dimerisation	9.753408744816559e-11	Gmax
UDP-glucose/GDP-mannose dehydrogenase, N-terminal	9.753408744816559e-11	Gmax
Lactate dehydrogenase/glycoside hydrolase, family 4, C-terminal	1.6730128332569322e-10	Gmax
Lactate/malate dehydrogenase, C-terminal	1.6730128332569322e-10	Gmax
Lactate/malate dehydrogenase, N-terminal	1.6730128332569322e-10	Gmax
6-phosphogluconate dehydrogenase-like, C-terminal domain superfamily	1.9624335930138103e-10	Gmax
Thiamin diphosphate-binding fold	1.97217080379412e-10	Gmax
Glutamate/phenylalanine/leucine/valine dehydrogenase, C-terminal	2.4475652998935505e-10	Gmax
ATPase, nucleotide binding domain	2.777045883722099e-10	Gmax
HAD-like superfamily	3.032752388254761e-10	Gmax
Transferase	5.202178473409064e-10	Gmax
Glycoside hydrolase superfamily	5.202178473409064e-10	Gmax
Ferrochelatase	5.202178473409064e-10	Gmax
Pyruvate dehydrogenase E1 component subunit beta	5.202178473409064e-10	Gmax
Acyl-CoA dehydrogenase-like, C-terminal	5.202178473409064e-10	Gmax
Acyl-CoA oxidase/dehydrogenase, central domain	5.202178473409064e-10	Gmax
L-lactate/malate dehydrogenase	5.202178473409064e-10	Gmax
Carbohydrate kinase PfkB	7.816143983907981e-10	Gmax
Acyl-CoA dehydrogenase/oxidase, N-terminal and middle domain superfamily	1.0794325870037978e-9	Gmax
Serine hydroxymethyltransferase, pyridoxal phosphate binding site	1.0794325870037978e-9	Gmax
Branched-chain amino acid aminotransferase II	1.869607381790547e-9	Gmax
Branched-chain aminotransferase	1.869607381790547e-9	Gmax
Malate dehydrogenase, type 1	1.869607381790547e-9	Gmax
Phosphoesterase	1.869607381790547e-9	Gmax
Pyruvate carboxyltransferase	2.0249555245361525e-9	Gmax
Chloramphenicol acetyltransferase-like domain superfamily	2.183097369802958e-9	Gmax
Ribokinase-like	4.403828109469498e-9	Gmax
Alpha galactosidase, C-terminal beta sandwich domain	6.430973935523812e-9	Gmax
Acyl-CoA oxidase, C-terminal	6.894573816358127e-9	Gmax
Glycoside hydrolase family 3 C-terminal domain	1.0230506668133308e-8	Gmax
Glycoside hydrolase family 3 C-terminal domain superfamily	1.0230506668133308e-8	Gmax
Glycoside hydrolase, family 3, N-terminal	1.0230506668133308e-8	Gmax
Serine hydroxymethyltransferase	1.0301703059074807e-8	Gmax
Citrate synthase-like, large alpha subdomain	1.2433017722552517e-8	Gmax
Aldehyde dehydrogenase, N-terminal	1.3041279012652302e-8	Gmax
Glycoside hydrolase, family 3, N-terminal domain superfamily	1.365326985378018e-8	Gmax
Aldehyde dehydrogenase, C-terminal	1.532586031954295e-8	Gmax
Glycoside hydrolase, family 27	1.592427627854674e-8	Gmax
Serine hydroxymethyltransferase-like domain	2.4772854551700275e-8	Gmax
Citrate synthase	2.514301330506533e-8	Gmax
Citrate synthase superfamily	2.514301330506533e-8	Gmax
Citrate synthase-like, small alpha subdomain	2.514301330506533e-8	Gmax
Aldehyde/histidinol dehydrogenase	3.403093738580015e-8	Gmax
Phosphoenolpyruvate carboxykinase (ATP), conserved site	3.51821677207195e-8	Gmax
Phosphoenolpyruvate carboxykinase, N-terminal	3.51821677207195e-8	Gmax
Pyridoxal phosphate-dependent decarboxylase	7.675327502747267e-8	Gmax
NAD-dependent epimerase/dehydratase	8.30710254217527e-8	Gmax
Acyl-CoA oxidase	1.1596797250802551e-7	Gmax
Aminotransferase, class IV, conserved site	1.1596797250802551e-7	Gmax
Phosphoenolpyruvate carboxykinase, ATP-utilising	1.1596797250802551e-7	Gmax
Phosphoenolpyruvate carboxykinase, C-terminal	1.1596797250802551e-7	Gmax
AMP-activated protein kinase, glycogen-binding domain	2.004720635679599e-7	Gmax
Aminotransferase class IV	2.356916699651506e-7	Gmax
Branched-chain-amino-acid aminotransferase-like, C-terminal	2.356916699651506e-7	Gmax
Branched-chain-amino-acid aminotransferase-like, N-terminal	2.356916699651506e-7	Gmax
Aspartate/glutamate/uridylate kinase	2.6325635974234287e-7	Gmax
Aldehyde dehydrogenase domain	2.822640403940307e-7	Gmax
Glutamine synthetase, glycine-rich site	2.896615858369634e-7	Gmax
Glycoside hydrolase family 1	3.2506597919580867e-7	Gmax
Aminotransferase-like, PLP-dependent enzymes	3.593736099438774e-7	Gmax
Dehydrogenase, E1 component	4.849163518675306e-7	Gmax
Alpha-D-phosphohexomutase, conserved site	4.849163518675306e-7	Gmax
Band 4.1 domain	4.849163518675306e-7	Gmax
Dehydroascorbate reductases DHAR1/2/3/4	4.849163518675306e-7	Gmax
Dihydroneopterin aldolase	4.849163518675306e-7	Gmax
Dihydroneopterin aldolase/epimerase domain	4.849163518675306e-7	Gmax
Elongation factor 1-gamma, plant	4.849163518675306e-7	Gmax
Elongation factor 1B gamma, C-terminal	4.849163518675306e-7	Gmax
Elongation factor EF1B gamma, C-terminal domain superfamily	4.849163518675306e-7	Gmax
FERM central domain	4.849163518675306e-7	Gmax
FERM domain	4.849163518675306e-7	Gmax
FERM superfamily, second domain	4.849163518675306e-7	Gmax
MyTH4 domain	4.849163518675306e-7	Gmax
MyTH4 domain superfamily	4.849163518675306e-7	Gmax
Phosphoribosyl pyrophosphate synthetase, conserved site	4.849163518675306e-7	Gmax
Riboflavin biosynthesis protein RibD	4.849163518675306e-7	Gmax
Ribose-phosphate pyrophosphokinase, bacterial-type	4.849163518675306e-7	Gmax
Ribulose-phosphate 3-epimerase	4.849163518675306e-7	Gmax
Ribulose-phosphate 3-epimerase-like	4.849163518675306e-7	Gmax
Acetylglutamate kinase-like superfamily	5.100434537253056e-7	Gmax
Glutamine synthetase, beta-Grasp domain	5.461784204907524e-7	Gmax
Alkaline-phosphatase-like, core domain superfamily	1.0132162268757398e-6	Gmax
Glutamate decarboxylase	1.0553491952321365e-6	Gmax
Glutamine synthetase, catalytic domain	1.0553491952321365e-6	Gmax
Glutamine synthetase, N-terminal conserved site	1.0553491952321365e-6	Gmax
Acyl-CoA dehydrogenase/oxidase, N-terminal domain superfamily	1.8948494720529005e-6	Gmax
Glutamine synthetase, N-terminal domain superfamily	1.8948494720529005e-6	Gmax
Alpha,alpha-trehalose-phosphate synthase	2.1958838782363533e-6	Gmax
Gamma-glutamyltranspeptidase	2.1958838782363533e-6	Gmax
Gamma-glutamyltranspeptidase, large subunit, C-terminal domain	2.1958838782363533e-6	Gmax
Gamma-glutamyltranspeptidase, small subunit	2.1958838782363533e-6	Gmax
GDP-mannose 3,5-epimerase	2.1958838782363533e-6	Gmax
Phosphoinositide-specific phospholipase C, EF-hand-like domain	2.1958838782363533e-6	Gmax
Glycosyl hydrolases family 1, N-terminal conserved site	2.878294987665732e-6	Gmax
CBS domain	3.1492889407013473e-6	Gmax
Transketolase, C-terminal domain	4.414651532828046e-6	Gmax
AMP-binding enzyme, C-terminal domain	4.737750688353336e-6	Gmax
Polyphenol oxidase	4.821192859023043e-6	Gmax
Polyprenyl synthetase, conserved site	4.821192859023043e-6	Gmax
Transketolase C-terminal/Pyruvate-ferredoxin oxidoreductase domain II	5.624509279195353e-6	Gmax
2-isopropylmalate synthase LeuA, allosteric (dimerisation) domain	6.117797988210545e-6	Gmax
2-isopropylmalate synthase LeuA, allosteric (dimerisation) domain  superfamily	6.117797988210545e-6	Gmax
Alpha-D-phosphohexomutase, alpha/beta/alpha domain II	6.117797988210545e-6	Gmax
Phosphoglucomutase	6.117797988210545e-6	Gmax
Glutathione Transferase family	6.719861983967946e-6	Gmax
Immunoglobulin E-set	1.0281815254142076e-5	Gmax
FAD/NAD(P)-binding domain superfamily	1.1120718933586595e-5	Gmax
Acyl-CoA dehydrogenase/oxidase C-terminal	1.3687885704075806e-5	Gmax
Alpha-D-phosphohexomutase, C-terminal	1.3687885704075806e-5	Gmax
Lysophosphatidylcholine acyltransferase LPCAT1-like	1.3687885704075806e-5	Gmax
Transketolase-like, pyrimidine-binding domain	1.3708897081132162e-5	Gmax
Polyphenol oxidase, central domain	1.4741625756824046e-5	Gmax
Tyrosinase copper-binding domain	1.4741625756824046e-5	Gmax
AMP-binding enzyme, C-terminal domain superfamily	1.6693597419890716e-5	Gmax
Di-copper centre-containing domain superfamily	2.0382289698813104e-5	Gmax
Polyprenyl synthetase	2.0382289698813104e-5	Gmax
3-hydroxyacyl-CoA dehydrogenase, NAD binding	2.5048457505277127e-5	Gmax
Alpha-D-phosphohexomutase superfamily	2.5048457505277127e-5	Gmax
Ribose-phosphate pyrophosphokinase	2.5048457505277127e-5	Gmax
Ribose-phosphate pyrophosphokinase, N-terminal domain	2.5048457505277127e-5	Gmax
Thiolase	2.5048457505277127e-5	Gmax
Thiolase, active site	2.5048457505277127e-5	Gmax
Thiolase, C-terminal	2.5048457505277127e-5	Gmax
Thiolase, conserved site	2.5048457505277127e-5	Gmax
Thiolase, N-terminal	2.5048457505277127e-5	Gmax
Polyphenol oxidase, C-terminal	2.655187024092528e-5	Gmax
Glycosyl hydrolase, all-beta	2.747826585504085e-5	Gmax
Carbamoyl-phosphate synthase small subunit, GATase1 domain	3.816374613932457e-5	Gmax
Carbamoyl-phosphate synthase, small subunit	3.816374613932457e-5	Gmax
Inositol monophosphatase	3.816374613932457e-5	Gmax
Inositol monophosphatase, lithium-sensitive	3.816374613932457e-5	Gmax
3-hydroxyacyl-CoA dehydrogenase, C-terminal	4.232551423072749e-5	Gmax
Alpha-D-phosphohexomutase, C-terminal domain superfamily	4.232551423072749e-5	Gmax
Alpha-isopropylmalate/homocitrate synthase, conserved site	4.232551423072749e-5	Gmax
Carbamoyl-phosphate synthetase large subunit-like, ATP-binding domain	4.232551423072749e-5	Gmax
GTP cyclohydrolase I, C-terminal/NADPH-dependent 7-cyano-7-deazaguanine reductase	4.232551423072749e-5	Gmax
Glutamine synthetase/guanido kinase, catalytic domain	4.4753513835847376e-5	Gmax
EF-hand domain pair	7.519178392897564e-5	Gmax
Alpha-D-phosphohexomutase, alpha/beta/alpha domain I	1.0761294425632522e-4	Gmax
Bifunctional dihydrofolate reductase/thymidylate synthase	1.3704700264943843e-4	Gmax
Carbamoyl-phosphate synthase small subunit, N-terminal domain	1.3704700264943843e-4	Gmax
Carbamoyl-phosphate synthase small subunit, N-terminal domain superfamily	1.3704700264943843e-4	Gmax
Dihydrofolate reductase domain	1.3704700264943843e-4	Gmax
HMG-CoA lyase	1.3704700264943843e-4	Gmax
Hydroxymethylglutaryl-CoA lyase, active site	1.3704700264943843e-4	Gmax
Methylmalonate-semialdehyde dehydrogenase	1.3704700264943843e-4	Gmax
Prismane-like superfamily	1.3704700264943843e-4	Gmax
Thymidylate synthase	1.3704700264943843e-4	Gmax
Thymidylate synthase, active site	1.3704700264943843e-4	Gmax
Thymidylate synthase/dCMP hydroxymethylase	1.3704700264943843e-4	Gmax
Thymidylate synthase/dCMP hydroxymethylase domain	1.3704700264943843e-4	Gmax
Thymidylate synthase/dCMP hydroxymethylase superfamily	1.3704700264943843e-4	Gmax
Alpha-D-phosphohexomutase, alpha/beta/alpha domain III	1.5001918909789437e-4	Gmax
Homogentisate solanesyltransferase  AtHST-like	2.1410437846233632e-4	Gmax
Glutathione S-transferase, N-terminal	2.4309476132686355e-4	Gmax
Immunoglobulin-like fold	2.9067909524780195e-4	Gmax
Acetyl-CoA biotin carboxyl carrier	3.311387636435151e-4	Gmax
Acyl-coenzyme A oxidase, N-terminal	3.311387636435151e-4	Gmax
ATP-grasp fold	3.9030805464745444e-4	Gmax
Enoyl-CoA hydratase/isomerase	3.9030805464745444e-4	Gmax
FERM/acyl-CoA-binding protein superfamily	3.9030805464745444e-4	Gmax
Alpha-D-phosphohexomutase, alpha/beta/alpha I/II/III	5.1427576885335e-4	Gmax
dCTP pyrophosphatase 1	6.424634569141366e-4	Gmax
Glutathione S-transferase, C-terminal domain superfamily	6.424634569141366e-4	Gmax
ATP-grasp fold, subdomain 1	6.560434902893891e-4	Gmax
Pre-ATP-grasp domain superfamily	6.560434902893891e-4	Gmax
Aminotransferase, class I/classII	0.0012456779357827676	Gmax
Glycoside hydrolase family 1, active site	0.0012947853895547872	Gmax
Cytidine and deoxycytidylate deaminase domain	0.0015741390719598142	Gmax
JmjN domain	0.0015741390719598142	Gmax
UbiA prenyltransferase superfamily	0.0019016083777914233	Gmax
Cytidine deaminase-like	0.002991699562304009	Gmax
Ribulose-phosphate binding barrel	0.002991699562304009	Gmax
2-isopropylmalate synthase, bacterial-type	0.002991699562304009	Gmax
Acetate-CoA ligase	0.002991699562304009	Gmax
Acetyl-CoA carboxylase, biotin carboxylase	0.002991699562304009	Gmax
Bacterial bifunctional deaminase-reductase, C-terminal	0.002991699562304009	Gmax
Bifunctional delta 1-pyrroline-5-carboxylate synthetase, glutamate-5-kinase domain	0.002991699562304009	Gmax
Bifunctional polymyxin resistance protein ArnA-like, extended (e) SDRs	0.002991699562304009	Gmax
Carbamoyl-phosphate synthase large chain, methylglyoxal synthase-like domain	0.002991699562304009	Gmax
Carbamoyl-phosphate synthase, large subunit	0.002991699562304009	Gmax
Citrate synthase, eukaryotic-type	0.002991699562304009	Gmax
DNA mismatch repair Msh2-type	0.002991699562304009	Gmax
Glycoside hydrolase, family 3, active site	0.002991699562304009	Gmax
Hydroxyisourate hydrolase	0.002991699562304009	Gmax
Malate dehydrogenase, NAD-dependent, cytosolic	0.002991699562304009	Gmax
NADAR	0.002991699562304009	Gmax
Next to BRCA1, central domain	0.002991699562304009	Gmax
Oxo-4-hydroxy-4-carboxy-5-ureidoimidazoline decarboxylase	0.002991699562304009	Gmax
Oxo-4-hydroxy-4-carboxy-5-ureidoimidazoline decarboxylase superfamily	0.002991699562304009	Gmax
Riboflavin-specific deaminase, C-terminal	0.002991699562304009	Gmax
Serine-pyruvate aminotransferase/2-aminoethylphosphonate-pyruvate transaminase	0.002991699562304009	Gmax
snRNP70, RNA recognition motif	0.002991699562304009	Gmax
Sphingolipid delta4-desaturase	0.002991699562304009	Gmax
Sphingolipid delta4-desaturase, N-terminal	0.002991699562304009	Gmax
Transthyretin, conserved site	0.002991699562304009	Gmax
Transthyretin, thyroxine binding site	0.002991699562304009	Gmax
Transthyretin/hydroxyisourate hydrolase	0.002991699562304009	Gmax
Transthyretin/hydroxyisourate hydrolase domain	0.002991699562304009	Gmax
Transthyretin/hydroxyisourate hydrolase domain superfamily	0.002991699562304009	Gmax
U1 small nuclear ribonucleoprotein of 70kDa N-terminal	0.002991699562304009	Gmax
YbiA-like superfamily	0.002991699562304009	Gmax
Biotin-binding site	0.00319687370452687	Gmax
Inositol monophosphatase, conserved site	0.004348805398014018	Gmax
UbiA prenyltransferase family	0.004453467828333927	Gmax
Thiolase-like	0.004623907745314943	Gmax
Inositol monophosphatase, metal-binding site	0.005694769865992268	Gmax
Glutathione S-transferase, C-terminal-like	0.005950021927180411	Gmax
Acetyl-coenzyme A synthetase, N-terminal domain	0.008477698598262055	Gmax
Acyl-CoA dehydrogenase, conserved site	0.008477698598262055	Gmax
Aromatic-L-amino-acid decarboxylase	0.008477698598262055	Gmax
Carbamoyl-phosphate synthase large subunit, CPSase domain	0.008477698598262055	Gmax
Carbamoyl-phosphate synthetase, large subunit oligomerisation domain	0.008477698598262055	Gmax
Carbamoyl-phosphate synthetase, large subunit oligomerisation domain superfamily	0.008477698598262055	Gmax
DNA mismatch repair protein MutS, clamp	0.008477698598262055	Gmax
Phospholipase D, eukaryotic type	0.008477698598262055	Gmax
Kinesin-like protein	0.009238773084095422	Gmax
Inositol monophosphatase-like	0.0110872882026145	Gmax
Isoprenoid synthase domain superfamily	0.011166034868073134	Gmax
Acyl-coenzyme A oxidase 4-like	0.01621892555454454	Gmax
Aminotransferase ALAT1/2-like	0.01621892555454454	Gmax
ATP-sulfurylase PUA-like domain	0.01621892555454454	Gmax
HMGB9-like, ARID/BRIGHT DNA binding domain	0.01621892555454454	Gmax
Malate dehydrogenase, type 2	0.01621892555454454	Gmax
Sulphate adenylyltransferase	0.01621892555454454	Gmax
Sulphate adenylyltransferase catalytic domain	0.01621892555454454	Gmax
Triacylglycerol lipase, N-terminal	0.01621892555454454	Gmax
Phosphoribosyltransferase domain	0.018375411138845815	Gmax
Phosphoribosyltransferase-like	0.018375411138845815	Gmax
3-hydroxyacyl-CoA dehydrogenase, conserved site	0.02606469540323531	Gmax
Acyl-CoA dehydrogenase/oxidase, N-terminal	0.02606469540323531	Gmax
DNA ligase, ATP-dependent, N-terminal	0.02606469540323531	Gmax
Farnesyl pyrophosphate synthase-like	0.02606469540323531	Gmax
Methylglyoxal synthase-like domain	0.02606469540323531	Gmax
Methylglyoxal synthase-like domain superfamily	0.02606469540323531	Gmax
Moybdenum cofactor oxidoreductase, dimerisation	0.02606469540323531	Gmax
Aminotransferase class-V, pyridoxal-phosphate binding site	0.0378534434426966	Gmax
Biotin carboxylase-like, N-terminal domain	0.0378534434426966	Gmax
Biotin carboxylase, C-terminal	0.0378534434426966	Gmax
Biotin carboxylation domain	0.0378534434426966	Gmax
DNA ligase, ATP-dependent, N-terminal domain superfamily	0.0378534434426966	Gmax
Eukaryotic molybdopterin oxidoreductase	0.0378534434426966	Gmax
Phosphoglucose isomerase, SIS domain 1	0.0378534434426966	Gmax
Tyrosine/nicotianamine aminotransferase	0.0378534434426966	Gmax
Glutamine amidotransferase	0.04773543449426569	Gmax
proteasomal protein catabolic process	1.1779481805982765e-15	Athaliana
translation	4.088246391094142e-10	Athaliana
proteolysis involved in cellular protein catabolic process	1.0157494816836203e-8	Athaliana
mitotic cell cycle phase transition	1.0708077232487852e-8	Athaliana
tricarboxylic acid cycle	7.491952991352245e-8	Athaliana
cell cycle	9.077614902350065e-8	Athaliana
cell division	9.077614902350065e-8	Athaliana
regulation of cyclin-dependent protein serine/threonine kinase activity	8.966602715664896e-7	Athaliana
ribosomal small subunit assembly	1.3998474451519475e-6	Athaliana
regulation of catalytic activity	3.7423158838641234e-6	Athaliana
mitochondrial respiratory chain complex I assembly	4.441229774879818e-5	Athaliana
regulation of cell cycle	4.6277700844493935e-5	Athaliana
vesicle fusion	4.68043685858466e-5	Athaliana
COP9 signalosome assembly	2.983760791032788e-4	Athaliana
protein deneddylation	2.983760791032788e-4	Athaliana
regulation of protein catabolic process	2.983760791032788e-4	Athaliana
protein catabolic process	2.983760791032788e-4	Athaliana
protein transport	6.16344736973935e-4	Athaliana
membrane fusion	0.0011706369456029578	Athaliana
photorespiration	0.0011706369456029578	Athaliana
inorganic anion transport	0.0017867942108710888	Athaliana
mRNA processing	0.001938243517925321	Athaliana
red, far-red light phototransduction	0.002446178340918701	Athaliana
aerobic respiration	0.002446178340918701	Athaliana
guard mother cell differentiation	0.002446178340918701	Athaliana
calcium import into the mitochondrion	0.002446178340918701	Athaliana
deadenylation-dependent decapping of nuclear-transcribed mRNA	0.002446178340918701	Athaliana
endoplasmic reticulum tubular network organization	0.002446178340918701	Athaliana
mitochondrial calcium ion homeostasis	0.002446178340918701	Athaliana
carbohydrate phosphorylation	0.0026384194026863065	Athaliana
protein import into mitochondrial matrix	0.0026384194026863065	Athaliana
mRNA splicing, via spliceosome	0.003270758010775515	Athaliana
RNA splicing	0.003270758010775515	Athaliana
Golgi to vacuole transport	0.0033120207261066693	Athaliana
mitochondrion organization	0.0033120207261066693	Athaliana
CDP-diacylglycerol biosynthetic process	0.00389093517691601	Athaliana
anion transmembrane transport	0.003922104880992368	Athaliana
cellular glucose homeostasis	0.003922104880992368	Athaliana
glucose 6-phosphate metabolic process	0.003922104880992368	Athaliana
hexose metabolic process	0.003922104880992368	Athaliana
histone H3 acetylation	0.003922104880992368	Athaliana
protein targeting to vacuole	0.0043118978092874394	Athaliana
red or far-red light signaling pathway	0.005221392627706467	Athaliana
vesicle docking	0.006607400213125878	Athaliana
late endosome to vacuole transport via multivesicular body sorting pathway	0.006943459354880718	Athaliana
vacuolar transport	0.00865221437682643	Athaliana
proteasome-mediated ubiquitin-dependent protein catabolic process	0.010828904825740851	Athaliana
mitochondrial electron transport, ubiquinol to cytochrome c	0.018434235755584893	Athaliana
acceptance of pollen	0.027074275340884194	Athaliana
ion transport	0.032200576943285944	Athaliana
stomatal lineage progression	0.04825424736500111	Athaliana
ubiquitin-dependent ERAD pathway	0.04825424736500111	Athaliana
cytidine to uridine editing	0.04825424736500111	Athaliana
RNA phosphodiester bond hydrolysis, exonucleolytic	0.04825424736500111	Athaliana
mitochondrial mRNA modification	0.04825424736500111	Athaliana
autophagosome maturation	0.04825424736500111	Athaliana
C-terminal protein lipidation	0.04825424736500111	Athaliana
cellular catabolic process	0.04825424736500111	Athaliana
cholesterol biosynthetic process	0.04825424736500111	Athaliana
cholesterol metabolic process	0.04825424736500111	Athaliana
citrate metabolic process	0.04825424736500111	Athaliana
cytoplasmic translational termination	0.04825424736500111	Athaliana
glutamine family amino acid biosynthetic process	0.04825424736500111	Athaliana
L-proline biosynthetic process	0.04825424736500111	Athaliana
mismatch repair	0.04825424736500111	Athaliana
mitotic spindle disassembly	0.04825424736500111	Athaliana
NADH metabolic process	0.04825424736500111	Athaliana
organelle fission	0.04825424736500111	Athaliana
positive regulation of G2/M transition of mitotic cell cycle	0.04825424736500111	Athaliana
positive regulation of phytol biosynthetic process	0.04825424736500111	Athaliana
positive regulation of RNA polymerase II transcription preinitiation complex assembly	0.04825424736500111	Athaliana
regulation of anion transport	0.04825424736500111	Athaliana
regulation of autophagy	0.04825424736500111	Athaliana
regulation of phosphorylation	0.04825424736500111	Athaliana
regulation of viral process	0.04825424736500111	Athaliana
retrograde protein transport, ER to cytosol	0.04825424736500111	Athaliana
sequestering of zinc ion	0.04825424736500111	Athaliana
trans-Golgi network membrane organization	0.04825424736500111	Athaliana
translesion synthesis	0.04825424736500111	Athaliana
ubiquitin-dependent protein catabolic process via the multivesicular body sorting pathway	0.04825424736500111	Athaliana
vacuolar sequestering	0.04825424736500111	Athaliana
ubiquitin-dependent protein catabolic process	0.04881885759900936	Athaliana
Proteasome, subunit alpha/beta	5.739914819360982e-16	Athaliana
WD40 repeat	7.087707063615641e-11	Athaliana
Nucleophile aminohydrolases, N-terminal	7.087707063615641e-11	Athaliana
WD40-repeat-containing domain superfamily	7.201125820427768e-11	Athaliana
Cyclin, C-terminal domain	2.6697564982301406e-10	Athaliana
WD40/YVTN repeat-like-containing domain superfamily	3.7306765789225307e-10	Athaliana
Proteasome alpha-subunit, N-terminal domain	5.680054979118861e-10	Athaliana
Proteasome alpha-type subunit	5.680054979118861e-10	Athaliana
Cyclin, N-terminal	2.153541192106246e-9	Athaliana
Cyclin	7.400879799257127e-9	Athaliana
G-protein beta WD-40 repeat	1.3036480346203327e-8	Athaliana
Cyclin-like	1.3433589093403437e-7	Athaliana
Cyclin-like superfamily	1.041918606716869e-6	Athaliana
Citrate synthase	4.402169559255171e-6	Athaliana
Citrate synthase superfamily	4.402169559255171e-6	Athaliana
Citrate synthase-like, small alpha subdomain	4.402169559255171e-6	Athaliana
Prohibitin	4.402169559255171e-6	Athaliana
WD40 repeat, conserved site	7.47624609496407e-6	Athaliana
Citrate synthase-like, large alpha subdomain	1.2618250286924583e-5	Athaliana
Eukaryotic porin/Tom40	1.2618250286924583e-5	Athaliana
Porin domain superfamily	1.2618250286924583e-5	Athaliana
Proteasome B-type subunit	1.2618250286924583e-5	Athaliana
Proteasome beta-type subunit, conserved site	1.2618250286924583e-5	Athaliana
SNARE	7.804777581885955e-5	Athaliana
ATP-citrate lyase/succinyl-CoA ligase	2.4052990581745852e-4	Athaliana
ATP-citrate lyase/succinyl-CoA ligase, active site	2.4052990581745852e-4	Athaliana
ATP-citrate lyase/succinyl-CoA ligase, conserved site	2.4052990581745852e-4	Athaliana
Casein kinase II subunit beta-like	2.4052990581745852e-4	Athaliana
Casein kinase II, regulatory subunit	2.4052990581745852e-4	Athaliana
Casein kinase II, regulatory subunit, N-terminal	2.4052990581745852e-4	Athaliana
Histone-binding protein RBBP4, N-terminal	2.4052990581745852e-4	Athaliana
Proteasome/cyclosome repeat	2.4052990581745852e-4	Athaliana
Ribosomal protein S5/S7	2.4052990581745852e-4	Athaliana
Ribosomal protein S7 domain	2.4052990581745852e-4	Athaliana
Ribosomal protein S7 domain superfamily	2.4052990581745852e-4	Athaliana
Ribosomal protein S7, bacterial/organellar-type	2.4052990581745852e-4	Athaliana
Band 7 domain	9.780998742123348e-4	Athaliana
Band 7/SPFH domain superfamily	9.780998742123348e-4	Athaliana
Syntaxin, N-terminal domain	9.780998742123348e-4	Athaliana
Citrate synthase active site	9.780998742123348e-4	Athaliana
Peptidase T1A, proteasome beta-subunit	9.780998742123348e-4	Athaliana
Ribosomal protein S8	9.780998742123348e-4	Athaliana
Ribosomal protein S8 superfamily	9.780998742123348e-4	Athaliana
LSM domain, eukaryotic/archaea-type	0.0014735097689506144	Athaliana
Target SNARE coiled-coil homology domain	0.0015161170265313498	Athaliana
Calcium uniporter protein, C-terminal	0.0024514778554221447	Athaliana
Hexokinase, N-terminal	0.0024514778554221447	Athaliana
MCU family	0.0024514778554221447	Athaliana
Porin, eukaryotic type	0.0024514778554221447	Athaliana
Succinyl-CoA synthetase-like	0.0024514778554221447	Athaliana
Syntaxin/epimorphin, conserved site	0.003927378683688536	Athaliana
Ribosomal protein L2, archaeal-type	0.004654414074042807	Athaliana
4Fe-4S ferredoxin, iron-sulphur binding, conserved site	0.005051870795192955	Athaliana
Hexokinase	0.005051870795192955	Athaliana
Hexokinase, C-terminal	0.005051870795192955	Athaliana
Syntaxin	0.008970303289908959	Athaliana
4Fe-4S ferredoxin-type, iron-sulphur binding domain	0.009308340947211748	Athaliana
Snf7 family	0.009308340947211748	Athaliana
Casein Kinase 2, subunit alpha	0.015195820928590622	Athaliana
UDP-glucose 6-dehydrogenase, eukaryotic type	0.015195820928590622	Athaliana
UDP-glucose/GDP-mannose dehydrogenase, C-terminal	0.015195820928590622	Athaliana
UDP-glucose/GDP-mannose dehydrogenase, C-terminal domain superfamily	0.015195820928590622	Athaliana
LSM domain superfamily	0.01726353527281042	Athaliana
CCR4-NOT transcription complex subunit 7/8/Pop2	0.023165106634615146	Athaliana
MORF/ORRM1/DAG-like	0.023165106634615146	Athaliana
Ribonuclease CAF1	0.023165106634615146	Athaliana
ATPase, nucleotide binding domain	0.031504522288675	Athaliana
Transmembrane protein TauE-like	0.033709776500659525	Athaliana
Pyridoxal phosphate-dependent transferase	0.034108862734525826	Athaliana
Pyridoxal phosphate-dependent transferase, major domain	0.034108862734525826	Athaliana
AT-hook motif nuclear-localized protein	0.034108862734525826	Athaliana
HEAT, type 2	0.034108862734525826	Athaliana
Long-chain fatty acid CoA synthetase, eukaryotic	0.034108862734525826	Athaliana
Phospholipid/glycerol acyltransferase	0.034108862734525826	Athaliana
Ribosomal protein L2, C-terminal	0.034108862734525826	Athaliana
Ribosomal protein L2, conserved site	0.034108862734525826	Athaliana
Ribosomal protein L2, domain 3	0.034108862734525826	Athaliana
Reticulon-like protein, plant	0.034108862734525826	Athaliana
AMP-binding, conserved site	0.034108862734525826	Athaliana
Thiamin diphosphate-binding fold	0.034108862734525826	Athaliana
26S Proteasome non-ATPase regulatory subunit 13	0.034108862734525826	Athaliana
26S proteasome non-ATPase regulatory subunit RPN1, C-terminal	0.034108862734525826	Athaliana
26S proteasome regulatory complex, non-ATPase subcomplex, Rpn1 subunit	0.034108862734525826	Athaliana
26S proteasome regulatory complex, non-ATPase subcomplex, Rpn2/Psmd1 subunit	0.034108862734525826	Athaliana
26S proteasome regulatory subunit RPN2, C-terminal	0.034108862734525826	Athaliana
40S ribosomal protein S11, N-terminal	0.034108862734525826	Athaliana
60S ribosomal protein L4, C-terminal domain	0.034108862734525826	Athaliana
AAA ATPase, CDC48 family	0.034108862734525826	Athaliana
Alkyl hydroperoxide reductase subunit C/ Thiol specific antioxidant	0.034108862734525826	Athaliana
Arrestin-like, C-terminal	0.034108862734525826	Athaliana
Aspartate decarboxylase-like domain superfamily	0.034108862734525826	Athaliana
ATPase, V0 complex, subunit 116kDa, eukaryotic	0.034108862734525826	Athaliana
CDC48 domain 2-like superfamily	0.034108862734525826	Athaliana
CDC48, domain 2	0.034108862734525826	Athaliana
CDC48, N-terminal subdomain	0.034108862734525826	Athaliana
Cell division protein FtsZ	0.034108862734525826	Athaliana
Cell division protein FtsZ, C-terminal	0.034108862734525826	Athaliana
Cell division protein FtsZ, conserved site	0.034108862734525826	Athaliana
Chaperone tailless complex polypeptide 1 (TCP-1)	0.034108862734525826	Athaliana
Chaperonin TCP-1, conserved site	0.034108862734525826	Athaliana
Citrate synthase, eukaryotic-type	0.034108862734525826	Athaliana
CoA-binding	0.034108862734525826	Athaliana
Coatomer beta' subunit (COPB2)	0.034108862734525826	Athaliana
COP9 signalosome complex subunit 5	0.034108862734525826	Athaliana
Cop9 signalosome subunit 5 C-terminal domain	0.034108862734525826	Athaliana
COP9 signalosome subunit 6	0.034108862734525826	Athaliana
Cytochrome b-c1 complex subunit 7	0.034108862734525826	Athaliana
Cytochrome b-c1 complex subunit 7 superfamily	0.034108862734525826	Athaliana
Cytochrome c-like domain	0.034108862734525826	Athaliana
Cytochrome c-like domain superfamily	0.034108862734525826	Athaliana
Cytochrome c1	0.034108862734525826	Athaliana
Cytochrome c1, transmembrane anchor, C-terminal	0.034108862734525826	Athaliana
DAD/Ost2	0.034108862734525826	Athaliana
Delta l-pyrroline-5-carboxylate synthetase	0.034108862734525826	Athaliana
DNA polymerase III, gamma subunit, domain III	0.034108862734525826	Athaliana
Elongation factor 1-gamma, plant	0.034108862734525826	Athaliana
Elongation factor 1B gamma, C-terminal	0.034108862734525826	Athaliana
Elongation factor EF1B gamma, C-terminal domain superfamily	0.034108862734525826	Athaliana
eRF1, domain 1	0.034108862734525826	Athaliana
ESCRT assembly domain	0.034108862734525826	Athaliana
Eukaryotic molybdopterin oxidoreductase	0.034108862734525826	Athaliana
Exocyst complex component EXOC2/Sec5	0.034108862734525826	Athaliana
Exocyst complex component EXOC2/Sec5, N-terminal domain	0.034108862734525826	Athaliana
Farnesyl pyrophosphate synthase-like	0.034108862734525826	Athaliana
Gamma-glutamyl phosphate reductase GPR, conserved site	0.034108862734525826	Athaliana
Glutamate 5-kinase, conserved site	0.034108862734525826	Athaliana
Glutamate 5-kinase/delta-1-pyrroline-5-carboxylate synthase	0.034108862734525826	Athaliana
Glutamate/acetylglutamate kinase	0.034108862734525826	Athaliana
GPR domain	0.034108862734525826	Athaliana
GRIM-19	0.034108862734525826	Athaliana
HEAT repeat	0.034108862734525826	Athaliana
Helix hairpin bin domain superfamily	0.034108862734525826	Athaliana
Malate dehydrogenase, NAD-dependent, cytosolic	0.034108862734525826	Athaliana
Malate dehydrogenase, type 2	0.034108862734525826	Athaliana
Mitochondrial ribosomal protein S7, plants	0.034108862734525826	Athaliana
Modifier of rudimentary, Modr	0.034108862734525826	Athaliana
Moybdenum cofactor oxidoreductase, dimerisation	0.034108862734525826	Athaliana
NADH dehydrogenase [ubiquinone] 1 beta subcomplex subunit 3	0.034108862734525826	Athaliana
NADH-quinone oxidoreductase, chain I	0.034108862734525826	Athaliana
NADH:ubiquinone oxidoreductase, iron-sulphur subunit 5	0.034108862734525826	Athaliana
Nitrate reductase NADH dependent	0.034108862734525826	Athaliana
Outer envelope pore protein 21	0.034108862734525826	Athaliana
Outer envelope pore protein 24	0.034108862734525826	Athaliana
Oxidoreductase, molybdopterin binding site	0.034108862734525826	Athaliana
Oxidoreductase, molybdopterin-binding domain	0.034108862734525826	Athaliana
Oxidoreductase, molybdopterin-binding domain superfamily	0.034108862734525826	Athaliana
Peptide chain release factor eRF1/aRF1	0.034108862734525826	Athaliana
Peroxiredoxin, C-terminal	0.034108862734525826	Athaliana
Plant RIN2/3, CUE domain	0.034108862734525826	Athaliana
Pre-mRNA-processing factor 19	0.034108862734525826	Athaliana
Pre-mRNA-splicing factor 19	0.034108862734525826	Athaliana
Proliferating cell nuclear antigen, PCNA	0.034108862734525826	Athaliana
Proliferating cell nuclear antigen, PCNA, C-terminal	0.034108862734525826	Athaliana
Proliferating cell nuclear antigen, PCNA, conserved site	0.034108862734525826	Athaliana
Proliferating cell nuclear antigen, PCNA, N-terminal	0.034108862734525826	Athaliana
Proteasome beta 3 subunit	0.034108862734525826	Athaliana
Proteasome subunit alpha 1	0.034108862734525826	Athaliana
Proteasome subunit alpha2	0.034108862734525826	Athaliana
Proteasome subunit alpha4	0.034108862734525826	Athaliana
Proteasome subunit alpha5	0.034108862734525826	Athaliana
Protein phosphatase 2A, regulatory B subunit, B56	0.034108862734525826	Athaliana
Raptor, N-terminal CASPase-like domain	0.034108862734525826	Athaliana
Regulatory associated protein of TOR	0.034108862734525826	Athaliana
Regulatory protein NPR5/6	0.034108862734525826	Athaliana
Ribosomal protein L23/L15e core domain superfamily	0.034108862734525826	Athaliana
Ribosomal protein L33	0.034108862734525826	Athaliana
Ribosomal protein L33 superfamily	0.034108862734525826	Athaliana
Ribosomal protein L4, eukaryotic and archaeal type	0.034108862734525826	Athaliana
Ribosomal protein L4/L1e, eukaryotic/archaeal, conserved site	0.034108862734525826	Athaliana
Ribosomal protein S17, archaeal/eukaryotic	0.034108862734525826	Athaliana
Ribosomal protein S24e	0.034108862734525826	Athaliana
Ribosomal protein S25	0.034108862734525826	Athaliana
Ribosomal protein S7, conserved site	0.034108862734525826	Athaliana
Ribosomal protein S7e	0.034108862734525826	Athaliana
Ribosomal RNA-processing protein Rrp9-like	0.034108862734525826	Athaliana
Ribosomal S24e conserved site	0.034108862734525826	Athaliana
SAGA-associated factor 29	0.034108862734525826	Athaliana
SGF29 tudor-like domain	0.034108862734525826	Athaliana
Signal peptidase complex subunit 3	0.034108862734525826	Athaliana
Sm-like protein Lsm3	0.034108862734525826	Athaliana
Small nuclear ribonucleoprotein Sm D3	0.034108862734525826	Athaliana
Succinate dehydrogenase subunit 7, mitochondrial	0.034108862734525826	Athaliana
Succinyl-CoA ligase, alpha subunit	0.034108862734525826	Athaliana
Succinyl-CoA synthetase, beta subunit, conserved site	0.034108862734525826	Athaliana
SUN domain	0.034108862734525826	Athaliana
SUN domain-containing Suco/Slp1-like	0.034108862734525826	Athaliana
T-complex protein 1, zeta subunit	0.034108862734525826	Athaliana
THO complex subunit 7/Mft1	0.034108862734525826	Athaliana
Tom40	0.034108862734525826	Athaliana
Torus domain	0.034108862734525826	Athaliana
Transcription factor BTF3	0.034108862734525826	Athaliana
Tubulin-like protein  FtsZ/CetZ	0.034108862734525826	Athaliana
U6 snRNA-associated Sm-like protein Lsm3	0.034108862734525826	Athaliana
Ubiquitin-like protein Atg12	0.034108862734525826	Athaliana
V-type  ATPase, V0 complex, 116kDa subunit family	0.034108862734525826	Athaliana
Vacuolar protein sorting protein 26 related	0.034108862734525826	Athaliana
WD repeat Prp46/PLRG1-like	0.034108862734525826	Athaliana
WD-repeat protein SPA1/2/3/4	0.034108862734525826	Athaliana
Ribosomal Proteins L2, RNA binding domain	0.03819111972113483	Athaliana
JAB1/MPN/MOV34 metalloenzyme domain	0.04283121827087709	Athaliana
MPN domain	0.04283121827087709	Athaliana
Armadillo-like helical	0.04724386582060471	Athaliana
phospholipid catabolic process	7.764231256540235e-29	Ptrichocarpa
trehalose metabolism in response to stress	1.9705154447214744e-24	Ptrichocarpa
trehalose metabolic process	2.3413315272940066e-21	Ptrichocarpa
lipid catabolic process	4.003134297421163e-21	Ptrichocarpa
trehalose biosynthetic process	1.0060626913714013e-18	Ptrichocarpa
phosphatidylcholine metabolic process	2.712522533592765e-14	Ptrichocarpa
cellular amino acid metabolic process	7.490462353174411e-14	Ptrichocarpa
glycolytic process	1.9353735176735875e-12	Ptrichocarpa
glutamate catabolic process	2.2622328240769062e-11	Ptrichocarpa
fatty acid metabolic process	6.251186832356872e-11	Ptrichocarpa
biosynthetic process	2.4939945401844007e-10	Ptrichocarpa
nucleoside diphosphate catabolic process	2.4939945401844007e-10	Ptrichocarpa
glutamine biosynthetic process	5.955669189278974e-10	Ptrichocarpa
long-chain fatty acid metabolic process	5.955669189278974e-10	Ptrichocarpa
polyamine catabolic process	5.955669189278974e-10	Ptrichocarpa
fructose 1,6-bisphosphate metabolic process	1.8654908666416962e-9	Ptrichocarpa
phosphatidylinositol-mediated signaling	5.694270703303982e-9	Ptrichocarpa
carboxylic acid metabolic process	2.4588678216844292e-8	Ptrichocarpa
glycosaminoglycan biosynthetic process	1.5635716206591505e-7	Ptrichocarpa
UDP-glucuronate biosynthetic process	1.5635716206591505e-7	Ptrichocarpa
malate metabolic process	1.748606749562953e-7	Ptrichocarpa
amine metabolic process	2.0588705443171195e-7	Ptrichocarpa
dCTP catabolic process	6.484182362437838e-7	Ptrichocarpa
DNA protection	6.484182362437838e-7	Ptrichocarpa
cellular glucose homeostasis	1.787159885421728e-6	Ptrichocarpa
fatty acid beta-oxidation using acyl-CoA oxidase	1.787159885421728e-6	Ptrichocarpa
lipid metabolic process	2.8125054750782635e-6	Ptrichocarpa
malonyl-CoA biosynthetic process	3.7210451356120795e-6	Ptrichocarpa
nucleoside triphosphate catabolic process	3.7210451356120795e-6	Ptrichocarpa
fatty acid beta-oxidation	4.206928848585133e-6	Ptrichocarpa
glucose 6-phosphate metabolic process	6.929166374911202e-6	Ptrichocarpa
tricarboxylic acid cycle	7.316952511976321e-6	Ptrichocarpa
carbohydrate metabolic process	1.1508970432978356e-5	Ptrichocarpa
cellular response to glucose starvation	2.936507165035875e-5	Ptrichocarpa
acetyl-CoA biosynthetic process from pyruvate	4.1404726747695916e-5	Ptrichocarpa
photorespiration	4.1404726747695916e-5	Ptrichocarpa
carbohydrate phosphorylation	4.3721865531186995e-5	Ptrichocarpa
hexose metabolic process	7.857803208833006e-5	Ptrichocarpa
sulfate assimilation	1.0391326062113514e-4	Ptrichocarpa
lipid homeostasis	3.426727509385531e-4	Ptrichocarpa
starch biosynthetic process	3.426727509385531e-4	Ptrichocarpa
nitrogen compound metabolic process	4.96126155095079e-4	Ptrichocarpa
glutamate metabolic process	0.0010048644725444286	Ptrichocarpa
dTMP biosynthetic process	0.0017080182376544722	Ptrichocarpa
galactose catabolic process	0.0017080182376544722	Ptrichocarpa
glycine biosynthetic process, by transamination of glyoxylate	0.0017080182376544722	Ptrichocarpa
inositol lipid-mediated signaling	0.0017080182376544722	Ptrichocarpa
L-proline biosynthetic process	0.0017080182376544722	Ptrichocarpa
methionyl-tRNA aminoacylation	0.0017080182376544722	Ptrichocarpa
nitric oxide biosynthetic process	0.0017080182376544722	Ptrichocarpa
proline biosynthetic process	0.0017080182376544722	Ptrichocarpa
very long-chain fatty acid metabolic process	0.0017080182376544722	Ptrichocarpa
one-carbon metabolic process	0.0037108557242017696	Ptrichocarpa
fatty acid biosynthetic process	0.006159002314533397	Ptrichocarpa
fructose metabolic process	0.007332994836400932	Ptrichocarpa
isoprenoid biosynthetic process	0.008135601566411618	Ptrichocarpa
ascorbate glutathione cycle	0.008960756826469862	Ptrichocarpa
glutamine family amino acid biosynthetic process	0.008960756826469862	Ptrichocarpa
L-alanine catabolic process	0.008960756826469862	Ptrichocarpa
metabolic process	0.009079556230265946	Ptrichocarpa
response to chemical	0.010744797998034124	Ptrichocarpa
regulation of macromolecule metabolic process	0.013809080849025667	Ptrichocarpa
glucan catabolic process	0.013930956666824042	Ptrichocarpa
protein metabolic process	0.01722039675048079	Ptrichocarpa
glutathione metabolic process	0.019003803060926847	Ptrichocarpa
cutin biosynthetic process	0.019003803060926847	Ptrichocarpa
folic acid metabolic process	0.019003803060926847	Ptrichocarpa
glycine biosynthetic process from serine	0.019003803060926847	Ptrichocarpa
L-serine catabolic process	0.019003803060926847	Ptrichocarpa
inositol trisphosphate metabolic process	0.0247094805059854	Ptrichocarpa
nitrate assimilation	0.0247094805059854	Ptrichocarpa
phosphatidic acid biosynthetic process	0.0247094805059854	Ptrichocarpa
protein glutathionylation	0.0247094805059854	Ptrichocarpa
tetrahydrofolate biosynthetic process	0.0247094805059854	Ptrichocarpa
inositol phosphorylation	0.03153710752941911	Ptrichocarpa
mature ribosome assembly	0.03153710752941911	Ptrichocarpa
reductive pentose-phosphate cycle	0.03153710752941911	Ptrichocarpa
intracellular signal transduction	0.03255631136183091	Ptrichocarpa
tetrahydrofolate metabolic process	0.04901166782005542	Ptrichocarpa
Glycosyl transferase, family 20	1.2796403045632664e-23	Ptrichocarpa
Phospholipase D/Transphosphatidylase	8.437531333681356e-23	Ptrichocarpa
Phospholipase D family	1.803568554177111e-21	Ptrichocarpa
Trehalose-phosphatase	4.083317299811271e-18	Ptrichocarpa
Pyridoxal phosphate-dependent transferase, major domain	2.621554806516618e-17	Ptrichocarpa
Pyridoxal phosphate-dependent transferase	3.014949449548092e-17	Ptrichocarpa
Phospholipase D, C-terminal	1.6451776356017563e-16	Ptrichocarpa
C2 domain	7.263375060914863e-16	Ptrichocarpa
C2 domain superfamily	6.826825408708732e-15	Ptrichocarpa
Pyridoxal phosphate-dependent transferase, small domain	4.804077352616451e-14	Ptrichocarpa
Phospholipase D, plant	4.804077352616451e-14	Ptrichocarpa
HAD-superfamily hydrolase, subfamily IIB	9.915930205852317e-14	Ptrichocarpa
Aminotransferase, class I/classII	2.497518760983971e-12	Ptrichocarpa
Fructose-bisphosphate aldolase, class-I	5.204027781318728e-12	Ptrichocarpa
Malate dehydrogenase, type 1	4.4072391938099717e-11	Ptrichocarpa
Fructose-bisphosphate aldolase class-I active site	4.417048168141682e-10	Ptrichocarpa
Glutamine synthetase, beta-Grasp domain	4.417048168141682e-10	Ptrichocarpa
Glutamine synthetase, catalytic domain	4.417048168141682e-10	Ptrichocarpa
Glutamine synthetase, glycine-rich site	4.417048168141682e-10	Ptrichocarpa
Glutamine synthetase, N-terminal conserved site	4.417048168141682e-10	Ptrichocarpa
Glutamine synthetase, N-terminal domain superfamily	4.417048168141682e-10	Ptrichocarpa
Phosphoinositide phospholipase C family	4.417048168141682e-10	Ptrichocarpa
Malate dehydrogenase, active site	9.713847434511605e-10	Ptrichocarpa
Phospholipase C, phosphatidylinositol-specific, Y domain	1.2086168804940885e-9	Ptrichocarpa
Flavin amine oxidase	2.392318858682115e-9	Ptrichocarpa
Nucleoside phosphatase GDA1/CD39	2.6723918686938226e-9	Ptrichocarpa
Phosphatidylinositol-specific phospholipase C, X domain	2.6723918686938226e-9	Ptrichocarpa
Lactate/malate dehydrogenase, N-terminal	3.461251445139796e-9	Ptrichocarpa
Acyl-CoA dehydrogenase-like, C-terminal	5.095057224049258e-9	Ptrichocarpa
Acyl-CoA dehydrogenase/oxidase, N-terminal and middle domain superfamily	5.095057224049258e-9	Ptrichocarpa
Acyl-CoA oxidase/dehydrogenase, central domain	5.095057224049258e-9	Ptrichocarpa
Lactate dehydrogenase/glycoside hydrolase, family 4, C-terminal	9.78945814547336e-9	Ptrichocarpa
Lactate/malate dehydrogenase, C-terminal	9.78945814547336e-9	Ptrichocarpa
Glutamine synthetase/guanido kinase, catalytic domain	4.932787215120317e-8	Ptrichocarpa
Copper amine oxidase, catalytic domain	1.944651002720063e-7	Ptrichocarpa
Copper amine oxidase, catalytic domain superfamily	1.944651002720063e-7	Ptrichocarpa
Copper amine oxidase, N-terminal	1.944651002720063e-7	Ptrichocarpa
Copper amine oxidase, N3-terminal	1.944651002720063e-7	Ptrichocarpa
ATP-sulfurylase PUA-like domain	1.990928531829847e-7	Ptrichocarpa
Basic leucine-zipper, C-terminal	1.990928531829847e-7	Ptrichocarpa
Glutamate dehydrogenase	1.990928531829847e-7	Ptrichocarpa
Leu/Phe/Val dehydrogenases active site	1.990928531829847e-7	Ptrichocarpa
NAD(P) binding domain of glutamate dehydrogenase	1.990928531829847e-7	Ptrichocarpa
Sulphate adenylyltransferase	1.990928531829847e-7	Ptrichocarpa
Sulphate adenylyltransferase catalytic domain	1.990928531829847e-7	Ptrichocarpa
UDP-glucose 6-dehydrogenase, eukaryotic type	1.990928531829847e-7	Ptrichocarpa
UDP-glucose/GDP-mannose dehydrogenase	1.990928531829847e-7	Ptrichocarpa
UDP-glucose/GDP-mannose dehydrogenase, C-terminal	1.990928531829847e-7	Ptrichocarpa
UDP-glucose/GDP-mannose dehydrogenase, C-terminal domain superfamily	1.990928531829847e-7	Ptrichocarpa
UDP-glucose/GDP-mannose dehydrogenase, dimerisation	1.990928531829847e-7	Ptrichocarpa
UDP-glucose/GDP-mannose dehydrogenase, N-terminal	1.990928531829847e-7	Ptrichocarpa
Copper amine oxidase	2.8283063538880297e-7	Ptrichocarpa
HAD-like superfamily	5.208976586258035e-7	Ptrichocarpa
Amine oxidase	5.908853334701098e-7	Ptrichocarpa
Phospholipid/glycerol acyltransferase	5.908853334701098e-7	Ptrichocarpa
HAD superfamily	6.523469870530393e-7	Ptrichocarpa
Acetyl-coenzyme A carboxyltransferase, C-terminal	8.564312826405572e-7	Ptrichocarpa
dCTP pyrophosphatase 1	8.564312826405572e-7	Ptrichocarpa
Phosphoinositide-specific phospholipase C, EF-hand-like domain	8.564312826405572e-7	Ptrichocarpa
L-lactate/malate dehydrogenase	1.9096011302042874e-6	Ptrichocarpa
PLC-like phosphodiesterase, TIM beta/alpha-barrel domain superfamily	1.939181259661599e-6	Ptrichocarpa
Acyl-CoA oxidase	2.1865818386548292e-6	Ptrichocarpa
Acyl-CoA oxidase, C-terminal	2.1865818386548292e-6	Ptrichocarpa
Glutamate/phenylalanine/leucine/valine dehydrogenase, dimerisation domain	2.1865818386548292e-6	Ptrichocarpa
Hexokinase	2.1865818386548292e-6	Ptrichocarpa
Hexokinase, C-terminal	2.1865818386548292e-6	Ptrichocarpa
Hexokinase, N-terminal	2.1865818386548292e-6	Ptrichocarpa
Lysophosphatidylcholine acyltransferase LPCAT1-like	2.1865818386548292e-6	Ptrichocarpa
Phosphoesterase	2.1865818386548292e-6	Ptrichocarpa
NAD(P)-binding domain superfamily	4.011608502869417e-6	Ptrichocarpa
Acyl-CoA dehydrogenase/oxidase, N-terminal domain superfamily	4.734883390814652e-6	Ptrichocarpa
Glutamate/phenylalanine/leucine/valine dehydrogenase	4.734883390814652e-6	Ptrichocarpa
Glutamate/phenylalanine/leucine/valine dehydrogenase, C-terminal	4.734883390814652e-6	Ptrichocarpa
Ribokinase/fructokinase	4.734883390814652e-6	Ptrichocarpa
Copper amine oxidase, N2-terminal	9.057952304903528e-6	Ptrichocarpa
Phospholipase D-like domain	9.057952304903528e-6	Ptrichocarpa
Tyrosine/nicotianamine aminotransferase	9.057952304903528e-6	Ptrichocarpa
Aminotransferases, class-I, pyridoxal-phosphate-binding site	1.4428258458691186e-5	Ptrichocarpa
Acyl-CoA dehydrogenase/oxidase C-terminal	1.5816714562169142e-5	Ptrichocarpa
ATP-dependent Clp protease ATP-binding subunit CLPT1/2	2.1442263509571052e-5	Ptrichocarpa
Alkaline-phosphatase-like, core domain superfamily	5.975104104270929e-5	Ptrichocarpa
AMP-binding, conserved site	6.914242600178103e-5	Ptrichocarpa
JmjN domain	8.283303871762296e-5	Ptrichocarpa
Polyprenyl synthetase, conserved site	8.283303871762296e-5	Ptrichocarpa
Immunoglobulin E-set	1.2869950736644437e-4	Ptrichocarpa
AMP-dependent synthetase/ligase	1.3927895136507158e-4	Ptrichocarpa
ANL, N-terminal domain	1.3927895136507158e-4	Ptrichocarpa
Carbohydrate/purine kinase, PfkB, conserved site	1.4953091092917965e-4	Ptrichocarpa
Elongation factor 1-gamma, plant	1.8683366618462273e-4	Ptrichocarpa
Elongation factor 1B gamma, C-terminal	1.8683366618462273e-4	Ptrichocarpa
Elongation factor EF1B gamma, C-terminal domain superfamily	1.8683366618462273e-4	Ptrichocarpa
AMP-activated protein kinase, glycogen-binding domain	1.877682075031586e-4	Ptrichocarpa
Polyprenyl synthetase	1.877682075031586e-4	Ptrichocarpa
Carbohydrate kinase PfkB	5.966758341247123e-4	Ptrichocarpa
Aspartate/other aminotransferase	6.143719468186926e-4	Ptrichocarpa
Glutamate decarboxylase	6.143719468186926e-4	Ptrichocarpa
Biotin/lipoyl attachment	8.474789663045288e-4	Ptrichocarpa
Aldolase-type TIM barrel	9.631066963312064e-4	Ptrichocarpa
Single hybrid motif	0.0011751108416912987	Ptrichocarpa
Glutathione Transferase family	0.0013577078490846534	Ptrichocarpa
Ribokinase-like	0.0015830408225652325	Ptrichocarpa
Acetyl-CoA biotin carboxyl carrier	0.0019485529128888423	Ptrichocarpa
Acetyl-CoA carboxylase, alpha subunit	0.0019485529128888423	Ptrichocarpa
Acyl-coenzyme A oxidase 4-like	0.0019485529128888423	Ptrichocarpa
Acyl-coenzyme A oxidase, N-terminal	0.0019485529128888423	Ptrichocarpa
Alpha,alpha-trehalose-phosphate synthase	0.0019485529128888423	Ptrichocarpa
Aminotransferase class-V, pyridoxal-phosphate binding site	0.0019485529128888423	Ptrichocarpa
Band 4.1 domain	0.0019485529128888423	Ptrichocarpa
Bifunctional dihydrofolate reductase/thymidylate synthase	0.0019485529128888423	Ptrichocarpa
Biotin-binding site	0.0019485529128888423	Ptrichocarpa
Delta l-pyrroline-5-carboxylate synthetase	0.0019485529128888423	Ptrichocarpa
Eukaryotic molybdopterin oxidoreductase	0.0019485529128888423	Ptrichocarpa
FERM central domain	0.0019485529128888423	Ptrichocarpa
FERM domain	0.0019485529128888423	Ptrichocarpa
FERM superfamily, second domain	0.0019485529128888423	Ptrichocarpa
Gamma-glutamyl phosphate reductase GPR, conserved site	0.0019485529128888423	Ptrichocarpa
Glutamate 5-kinase, conserved site	0.0019485529128888423	Ptrichocarpa
Glutamate 5-kinase/delta-1-pyrroline-5-carboxylate synthase	0.0019485529128888423	Ptrichocarpa
GPR domain	0.0019485529128888423	Ptrichocarpa
Long-chain fatty acid CoA synthetase, eukaryotic	0.0019485529128888423	Ptrichocarpa
Methionine-tRNA ligase, type 1	0.0019485529128888423	Ptrichocarpa
Methioninyl-tRNA synthetase core domain	0.0019485529128888423	Ptrichocarpa
Methionyl-tRNA synthetase	0.0019485529128888423	Ptrichocarpa
Methionyl-tRNA synthetase, anticodon-binding domain	0.0019485529128888423	Ptrichocarpa
Methionyl-tRNA synthetase, Zn-domain	0.0019485529128888423	Ptrichocarpa
Moybdenum cofactor oxidoreductase, dimerisation	0.0019485529128888423	Ptrichocarpa
MyTH4 domain	0.0019485529128888423	Ptrichocarpa
MyTH4 domain superfamily	0.0019485529128888423	Ptrichocarpa
Nitrate reductase NADH dependent	0.0019485529128888423	Ptrichocarpa
Oxidoreductase, molybdopterin binding site	0.0019485529128888423	Ptrichocarpa
Oxidoreductase, molybdopterin-binding domain	0.0019485529128888423	Ptrichocarpa
Oxidoreductase, molybdopterin-binding domain superfamily	0.0019485529128888423	Ptrichocarpa
Phospholipase D, eukaryotic type	0.0019485529128888423	Ptrichocarpa
Prismane-like superfamily	0.0019485529128888423	Ptrichocarpa
Ribosome maturation protein SBDS, N-terminal domain superfamily	0.0019485529128888423	Ptrichocarpa
Ribosome maturation protein Sdo1/SBDS	0.0019485529128888423	Ptrichocarpa
Ribosome maturation protein Sdo1/SBDS-like	0.0019485529128888423	Ptrichocarpa
Ribosome maturation protein Sdo1/SBDS, C-terminal	0.0019485529128888423	Ptrichocarpa
Ribosome maturation protein Sdo1/SBDS, central domain superfamily	0.0019485529128888423	Ptrichocarpa
Ribosome maturation protein Sdo1/SBDS, N-terminal	0.0019485529128888423	Ptrichocarpa
Ribulose-1,5-bisphosphate carboxylase small subunit, N-terminal	0.0019485529128888423	Ptrichocarpa
Serine-pyruvate aminotransferase/2-aminoethylphosphonate-pyruvate transaminase	0.0019485529128888423	Ptrichocarpa
SUVR5, C2H2-type Zinc finger, 3 repeats	0.0019485529128888423	Ptrichocarpa
Thymidylate synthase	0.0019485529128888423	Ptrichocarpa
Thymidylate synthase, active site	0.0019485529128888423	Ptrichocarpa
Thymidylate synthase/dCMP hydroxymethylase domain	0.0019485529128888423	Ptrichocarpa
Thymidylate synthase/dCMP hydroxymethylase superfamily	0.0019485529128888423	Ptrichocarpa
Zinc finger, CCCH-type, TRM13	0.0019485529128888423	Ptrichocarpa
JmjC domain	0.002147624530970902	Ptrichocarpa
Thiamin diphosphate-binding fold	0.0024012353185375694	Ptrichocarpa
Pyridoxal phosphate-dependent decarboxylase	0.0024012353185375694	Ptrichocarpa
CBS domain	0.003776757302146492	Ptrichocarpa
6-phosphogluconate dehydrogenase-like, C-terminal domain superfamily	0.004173847527285546	Ptrichocarpa
Acetyl-CoA carboxylase, central domain	0.005523889302314843	Ptrichocarpa
Acyl-CoA dehydrogenase, conserved site	0.005523889302314843	Ptrichocarpa
Pyruvate dehydrogenase (acetyl-transferring) E1 component, alpha subunit, subgroup y	0.005523889302314843	Ptrichocarpa
Glutathione S-transferase, C-terminal-like	0.006353520671453852	Ptrichocarpa
PUA-like superfamily	0.006600632537231314	Ptrichocarpa
Rossmann-like alpha/beta/alpha sandwich fold	0.009063258065319667	Ptrichocarpa
EF-hand domain pair	0.009486242135554247	Ptrichocarpa
Acetyl-CoA carboxylase	0.009922672827778636	Ptrichocarpa
Alpha-D-phosphohexomutase, C-terminal	0.009922672827778636	Ptrichocarpa
Alpha-D-phosphohexomutase, conserved site	0.009922672827778636	Ptrichocarpa
Aminotransferase ALAT1/2-like	0.009922672827778636	Ptrichocarpa
Dehydroascorbate reductases DHAR1/2/3/4	0.009922672827778636	Ptrichocarpa
Dihydrofolate reductase domain	0.009922672827778636	Ptrichocarpa
Glutamate/acetylglutamate kinase	0.009922672827778636	Ptrichocarpa
GPCR, family 3	0.009922672827778636	Ptrichocarpa
Methionyl/Leucyl tRNA synthetase	0.009922672827778636	Ptrichocarpa
Phosphoglucomutase	0.009922672827778636	Ptrichocarpa
Pyruvate dehydrogenase E1 component subunit beta	0.009922672827778636	Ptrichocarpa
Thymidylate synthase/dCMP hydroxymethylase	0.009922672827778636	Ptrichocarpa
tRNA-binding domain	0.009922672827778636	Ptrichocarpa
FAD/NAD(P)-binding domain superfamily	0.010466445085821273	Ptrichocarpa
Glutathione S-transferase, N-terminal	0.012774559912388314	Ptrichocarpa
ClpP/crotonase-like domain superfamily	0.01442195247609572	Ptrichocarpa
Clp,  repeat (R) domain	0.01515799338436687	Ptrichocarpa
Clp, N-terminal domain superfamily	0.01515799338436687	Ptrichocarpa
Acetyl-coenzyme A carboxyltransferase, N-terminal	0.01515799338436687	Ptrichocarpa
Acyl-CoA dehydrogenase/oxidase, N-terminal	0.01515799338436687	Ptrichocarpa
Alpha-D-phosphohexomutase, C-terminal domain superfamily	0.01515799338436687	Ptrichocarpa
Biotin carboxylase-like, N-terminal domain	0.01515799338436687	Ptrichocarpa
Biotin carboxylase, C-terminal	0.01515799338436687	Ptrichocarpa
Biotin carboxylation domain	0.01515799338436687	Ptrichocarpa
Dihydrofolate reductase-like domain superfamily	0.01515799338436687	Ptrichocarpa
Inositol-tetrakisphosphate 1-kinase, N-terminal	0.01515799338436687	Ptrichocarpa
Ribulose bisphosphate carboxylase small subunit, domain	0.01515799338436687	Ptrichocarpa
Ribulose bisphosphate carboxylase, small subunit superfamily	0.01515799338436687	Ptrichocarpa
Glutathione S-transferase, C-terminal domain superfamily	0.016437141945026275	Ptrichocarpa
Alpha-D-phosphohexomutase superfamily	0.02139511410975928	Ptrichocarpa
Alpha-D-phosphohexomutase, alpha/beta/alpha domain I	0.02139511410975928	Ptrichocarpa
Alpha-D-phosphohexomutase, alpha/beta/alpha domain II	0.02139511410975928	Ptrichocarpa
Alpha-D-phosphohexomutase, alpha/beta/alpha domain III	0.02139511410975928	Ptrichocarpa
Alpha-D-phosphohexomutase, alpha/beta/alpha I/II/III	0.02139511410975928	Ptrichocarpa
Chalcone/stilbene synthase, active site	0.02139511410975928	Ptrichocarpa
Ribulose bisphosphate carboxylase, small subunit	0.02139511410975928	Ptrichocarpa
Serine hydroxymethyltransferase	0.02139511410975928	Ptrichocarpa
Serine hydroxymethyltransferase-like domain	0.02139511410975928	Ptrichocarpa
Serine hydroxymethyltransferase, pyridoxal phosphate binding site	0.02139511410975928	Ptrichocarpa
Carbamoyl-phosphate synthetase large subunit-like, ATP-binding domain	0.02939151934762915	Ptrichocarpa
Inositol 1,3,4-trisphosphate 5/6-kinase, ATP-grasp domain	0.02939151934762915	Ptrichocarpa
Inositol-tetrakisphosphate 1-kinase	0.02939151934762915	Ptrichocarpa
Zinc finger C2H2 superfamily	0.03065581631056816	Ptrichocarpa
Dehydrogenase, E1 component	0.03827572585639078	Ptrichocarpa
Flavoprotein pyridine nucleotide cytochrome reductase-like, FAD-binding domain	0.03827572585639078	Ptrichocarpa
NADH:cytochrome b5 reductase-like	0.03827572585639078	Ptrichocarpa
ATPase, nucleotide binding domain	0.04272278950781727	Ptrichocarpa
Zinc finger C2H2-type	0.04298421114552555	Ptrichocarpa
glycolytic process	0.0017556601798479551	Slycopersicum
photosynthesis	0.0017621866476970173	Slycopersicum
reductive pentose-phosphate cycle	0.0025236876524797184	Slycopersicum
photorespiration	0.0028297200598485146	Slycopersicum
carbon fixation	0.010186138132794434	Slycopersicum
defense response to virus	0.010186138132794434	Slycopersicum
branched-chain amino acid metabolic process	0.010186138132794434	Slycopersicum
glucose 6-phosphate metabolic process	0.010186138132794434	Slycopersicum
inositol metabolic process	0.010186138132794434	Slycopersicum
hexose metabolic process	0.018280244918839117	Slycopersicum
carbohydrate phosphorylation	0.02336618375385737	Slycopersicum
cellular glucose homeostasis	0.02336618375385737	Slycopersicum
phosphatidylcholine metabolic process	0.02336618375385737	Slycopersicum
fatty acid metabolic process	0.023651064953265487	Slycopersicum
inositol biosynthetic process	0.03963077121722926	Slycopersicum
malate metabolic process	0.03963077121722926	Slycopersicum
Ribulose-1,5-bisphosphate carboxylase small subunit, N-terminal	3.7144329728282374e-4	Slycopersicum
Fructose-bisphosphate aldolase class-I active site	3.7144329728282374e-4	Slycopersicum
Ribulose bisphosphate carboxylase small subunit, domain	3.7144329728282374e-4	Slycopersicum
Ribulose bisphosphate carboxylase, small subunit	3.7144329728282374e-4	Slycopersicum
Ribulose bisphosphate carboxylase, small subunit superfamily	3.7144329728282374e-4	Slycopersicum
UDP-glucose 6-dehydrogenase, eukaryotic type	3.912291932954951e-4	Slycopersicum
UDP-glucose/GDP-mannose dehydrogenase	3.912291932954951e-4	Slycopersicum
UDP-glucose/GDP-mannose dehydrogenase, C-terminal	3.912291932954951e-4	Slycopersicum
UDP-glucose/GDP-mannose dehydrogenase, C-terminal domain superfamily	3.912291932954951e-4	Slycopersicum
UDP-glucose/GDP-mannose dehydrogenase, dimerisation	3.912291932954951e-4	Slycopersicum
UDP-glucose/GDP-mannose dehydrogenase, N-terminal	3.912291932954951e-4	Slycopersicum
6-phosphogluconate dehydrogenase-like, C-terminal domain superfamily	3.912291932954951e-4	Slycopersicum
Fructose-bisphosphate aldolase, class-I	7.095745842588091e-4	Slycopersicum
Amine oxidase	0.0010127766693650824	Slycopersicum
Flavin amine oxidase	0.006491780330638943	Slycopersicum
Malate dehydrogenase, type 1	0.006491780330638943	Slycopersicum
Branched-chain amino acid aminotransferase II	0.015533687536635697	Slycopersicum
Hexokinase, binding site	0.015533687536635697	Slycopersicum
Inositol monophosphatase	0.015533687536635697	Slycopersicum
Inositol monophosphatase, lithium-sensitive	0.015533687536635697	Slycopersicum
Aminotransferase-like, PLP-dependent enzymes	0.022944084628852376	Slycopersicum
Branched-chain-amino-acid aminotransferase-like, N-terminal	0.022944084628852376	Slycopersicum
Lactate dehydrogenase/glycoside hydrolase, family 4, C-terminal	0.022944084628852376	Slycopersicum
Lactate/malate dehydrogenase, C-terminal	0.022944084628852376	Slycopersicum
Lactate/malate dehydrogenase, N-terminal	0.022944084628852376	Slycopersicum
Long-chain fatty acid CoA synthetase, eukaryotic	0.022944084628852376	Slycopersicum
Malate dehydrogenase, active site	0.022944084628852376	Slycopersicum
Hexokinase	0.031193901039670534	Slycopersicum
Hexokinase, C-terminal	0.031193901039670534	Slycopersicum
Hexokinase, N-terminal	0.031193901039670534	Slycopersicum
Inositol monophosphatase, conserved site	0.031193901039670534	Slycopersicum
Membrane  insertase YidC/ALB3/OXA1/COX18	0.031193901039670534	Slycopersicum
Ribosomal protein S12, bacterial-type	0.031193901039670534	Slycopersicum
Phospholipase D, C-terminal	0.04527899607841208	Slycopersicum
phosphatidylinositol-mediated signaling	1.2607016908495994e-8	Vvinifera
lipid catabolic process	6.880133775015188e-6	Vvinifera
intracellular signal transduction	2.505509639297111e-4	Vvinifera
cellular amino acid metabolic process	4.1264343114744107e-4	Vvinifera
carbohydrate phosphorylation	7.263819090189338e-4	Vvinifera
glycolytic process	9.268497195892455e-4	Vvinifera
fructose 1,6-bisphosphate metabolic process	0.0010041343027396125	Vvinifera
glutamine family amino acid biosynthetic process	0.0010041343027396125	Vvinifera
L-proline biosynthetic process	0.0010041343027396125	Vvinifera
proline biosynthetic process	0.0010041343027396125	Vvinifera
cellular glucose homeostasis	0.004888825952875693	Vvinifera
glutamine biosynthetic process	0.004888825952875693	Vvinifera
lipid metabolic process	0.004888825952875693	Vvinifera
biosynthetic process	0.0060745180683703095	Vvinifera
amine metabolic process	0.006248011313708547	Vvinifera
glucose 6-phosphate metabolic process	0.006248011313708547	Vvinifera
signal transduction	0.010298043392401002	Vvinifera
hexose metabolic process	0.011628463872337829	Vvinifera
trehalose metabolism in response to stress	0.014666855263736156	Vvinifera
starch biosynthetic process	0.017888016532307087	Vvinifera
trehalose metabolic process	0.03669393675949732	Vvinifera
isoprenoid biosynthetic process	0.040803297726276486	Vvinifera
Phospholipase C, phosphatidylinositol-specific, Y domain	4.660699422048103e-9	Vvinifera
Phosphatidylinositol-specific phospholipase C, X domain	4.660699422048103e-9	Vvinifera
Phosphoinositide phospholipase C family	4.660699422048103e-9	Vvinifera
PLC-like phosphodiesterase, TIM beta/alpha-barrel domain superfamily	4.910290477894579e-8	Vvinifera
Phosphoinositide-specific phospholipase C, EF-hand-like domain	1.1964032528629813e-7	Vvinifera
Pyridoxal phosphate-dependent transferase, small domain	2.0810891738328127e-4	Vvinifera
C2 domain	2.946235377595104e-4	Vvinifera
Aminotransferase, class I/classII	2.946235377595104e-4	Vvinifera
C2 domain superfamily	3.246390519052801e-4	Vvinifera
Pyridoxal phosphate-dependent transferase, major domain	5.463586588846173e-4	Vvinifera
Pyridoxal phosphate-dependent transferase	5.463586588846173e-4	Vvinifera
Aminotransferases, class-I, pyridoxal-phosphate-binding site	5.492385597503078e-4	Vvinifera
Basic leucine-zipper, C-terminal	0.0011370408815665272	Vvinifera
Bifunctional delta 1-pyrroline-5-carboxylate synthetase, glutamate-5-kinase domain	0.0011370408815665272	Vvinifera
Delta l-pyrroline-5-carboxylate synthetase	0.0011370408815665272	Vvinifera
Fructose-bisphosphate aldolase class-I active site	0.0011370408815665272	Vvinifera
Fructose-bisphosphate aldolase, class-I	0.0011370408815665272	Vvinifera
Gamma-glutamyl phosphate reductase GPR, conserved site	0.0011370408815665272	Vvinifera
Glutamate 5-kinase/delta-1-pyrroline-5-carboxylate synthase	0.0011370408815665272	Vvinifera
Glutamate/acetylglutamate kinase	0.0011370408815665272	Vvinifera
GPR domain	0.0011370408815665272	Vvinifera
Ribokinase/fructokinase	0.0011370408815665272	Vvinifera
EF-hand domain pair	0.0016427619164314697	Vvinifera
Carbohydrate/purine kinase, PfkB, conserved site	0.0028820614787006147	Vvinifera
Hexokinase, binding site	0.0028820614787006147	Vvinifera
Polyprenyl synthetase, conserved site	0.0028820614787006147	Vvinifera
Aspartate/glutamate/uridylate kinase	0.003938035708982721	Vvinifera
Carbohydrate kinase PfkB	0.003938035708982721	Vvinifera
Glutamine synthetase, beta-Grasp domain	0.003938035708982721	Vvinifera
Glutamine synthetase, catalytic domain	0.003938035708982721	Vvinifera
Glutamine synthetase, glycine-rich site	0.003938035708982721	Vvinifera
Glutamine synthetase, N-terminal conserved site	0.003938035708982721	Vvinifera
Glutamine synthetase, N-terminal domain superfamily	0.003938035708982721	Vvinifera
Glutamine synthetase/guanido kinase, catalytic domain	0.003938035708982721	Vvinifera
Hexokinase	0.003938035708982721	Vvinifera
Hexokinase, C-terminal	0.003938035708982721	Vvinifera
Hexokinase, N-terminal	0.003938035708982721	Vvinifera
Polyprenyl synthetase	0.003938035708982721	Vvinifera
Copper amine oxidase	0.005534217626341879	Vvinifera
Copper amine oxidase, catalytic domain	0.005534217626341879	Vvinifera
Copper amine oxidase, catalytic domain superfamily	0.005534217626341879	Vvinifera
Copper amine oxidase, N-terminal	0.005534217626341879	Vvinifera
Copper amine oxidase, N2-terminal	0.005534217626341879	Vvinifera
Copper amine oxidase, N3-terminal	0.005534217626341879	Vvinifera
Tyrosine/nicotianamine aminotransferase	0.005534217626341879	Vvinifera
Acetylglutamate kinase-like superfamily	0.008108845282653694	Vvinifera
Ribokinase-like	0.014770653367010087	Vvinifera
HAD-superfamily hydrolase, subfamily IIB	0.03388997060840545	Vvinifera
regulation of mitotic nuclear division	6.475714638223049e-8	Osativa
positive regulation of cell cycle	6.475714638223049e-8	Osativa
positive regulation of cell population proliferation	6.475714638223049e-8	Osativa
cell cycle	1.000493490216055e-7	Osativa
cell division	1.6540006910877335e-7	Osativa
mitotic cell cycle phase transition	2.2495652475730544e-7	Osativa
regulation of cyclin-dependent protein serine/threonine kinase activity	2.2495652475730544e-7	Osativa
mitotic cell cycle	3.927123314590307e-7	Osativa
rescue of stalled ribosome	0.0012946425904758559	Osativa
anion transmembrane transport	0.006969739508774497	Osativa
translation	0.007819575501685709	Osativa
acetyl-CoA biosynthetic process from pyruvate	0.009665418153804128	Osativa
positive regulation of protein phosphorylation	0.013362462421332535	Osativa
Cyclin	6.776187960425115e-9	Osativa
Cyclin, N-terminal	9.601946064419263e-9	Osativa
Cyclin-like	2.20028946546738e-8	Osativa
Cyclin-like superfamily	3.644677511139635e-8	Osativa
Cyclin, C-terminal domain	3.644677511139635e-8	Osativa
Small (40S) ribosomal subunit Asc1/RACK1	0.0044990082091173784	Osativa
Elongation factor 1-gamma, plant	0.005390566779258401	Osativa
Elongation factor 1B gamma, C-terminal	0.005390566779258401	Osativa
Elongation factor EF1B gamma, C-terminal domain superfamily	0.005390566779258401	Osativa
Eukaryotic porin/Tom40	0.005390566779258401	Osativa
Initiation factor 4G	0.005390566779258401	Osativa
Initiation factor eIF-4 gamma, MA3	0.005390566779258401	Osativa
Porin, eukaryotic type	0.005390566779258401	Osativa
Ribosomal protein S27a	0.005390566779258401	Osativa
S27a-like superfamily	0.005390566779258401	Osativa
Coatomer subunit zeta	0.008970562536680264	Osativa
MIF4G-like, type 3	0.008970562536680264	Osativa
Pyruvate dehydrogenase E1 component subunit beta	0.008970562536680264	Osativa
Porin domain superfamily	0.014142426460819172	Osativa
Transketolase C-terminal/Pyruvate-ferredoxin oxidoreductase domain II	0.025570995527678626	Osativa
Transketolase-like, pyrimidine-binding domain	0.025570995527678626	Osativa
Transketolase, C-terminal domain	0.025570995527678626	Osativa
trehalose metabolism in response to stress	7.708921774205449e-13	Zmays
trehalose metabolic process	1.1434740573044106e-11	Zmays
glycolytic process	1.5553975216315667e-11	Zmays
trehalose biosynthetic process	7.082201162490055e-10	Zmays
long-chain fatty acid metabolic process	1.8669326993381165e-9	Zmays
cellular glucose homeostasis	2.031101755593748e-8	Zmays
glucose 6-phosphate metabolic process	6.348937814534355e-8	Zmays
spermine catabolic process	1.8557462273400373e-7	Zmays
hexose metabolic process	3.175120048020044e-7	Zmays
acetyl-CoA biosynthetic process from pyruvate	8.087141296444697e-7	Zmays
polyamine catabolic process	9.397861504102582e-7	Zmays
phenylpropanoid metabolic process	1.0811251860183696e-6	Zmays
cutin biosynthetic process	1.5862296553043388e-6	Zmays
cellular response to glucose starvation	2.6443057892752196e-6	Zmays
glutamine family amino acid biosynthetic process	5.980835147509026e-6	Zmays
isoprenoid biosynthetic process	9.47585362360726e-6	Zmays
response to chemical	1.0853376753213e-5	Zmays
carbohydrate phosphorylation	1.3972058467230856e-5	Zmays
L-proline biosynthetic process	1.7897850204220345e-5	Zmays
proline biosynthetic process	1.7897850204220345e-5	Zmays
glutathione metabolic process	8.512748370189996e-5	Zmays
fructose 1,6-bisphosphate metabolic process	8.737814000517782e-4	Zmays
glutamine metabolic process	8.737814000517782e-4	Zmays
thermospermine catabolic process	0.001114998552499898	Zmays
farnesyl diphosphate biosynthetic process	0.003080787335598747	Zmays
methionyl-tRNA aminoacylation	0.003080787335598747	Zmays
carbohydrate metabolic process	0.005164380480620976	Zmays
transsulfuration	0.005708678015966092	Zmays
cellular amino acid metabolic process	0.006669393218103944	Zmays
tricarboxylic acid cycle	0.009502603855962988	Zmays
ascorbate glutathione cycle	0.012833043578486107	Zmays
translational elongation	0.01455360520065997	Zmays
fatty acid metabolic process	0.015450961263193853	Zmays
nitrogen compound metabolic process	0.015678229668128322	Zmays
protein glutathionylation	0.021122672085608578	Zmays
'de novo' UMP biosynthetic process	0.03898610487429335	Zmays
citrate metabolic process	0.03898610487429335	Zmays
phosphatidylcholine metabolic process	0.044285210235822235	Zmays
sulfate assimilation	0.044285210235822235	Zmays
'de novo' pyrimidine nucleobase biosynthetic process	0.04967305581403141	Zmays
nucleoside diphosphate catabolic process	0.04967305581403141	Zmays
HAD-superfamily hydrolase, subfamily IIB	3.286480585169127e-11	Zmays
Glycosyl transferase, family 20	3.286480585169127e-11	Zmays
Trehalose-phosphatase	3.286480585169127e-11	Zmays
Polyprenyl synthetase	8.513987583140371e-10	Zmays
Polyprenyl synthetase, conserved site	8.513987583140371e-10	Zmays
Hexokinase, N-terminal	2.6610229751855698e-8	Zmays
Hexokinase	4.478315591635435e-8	Zmays
Hexokinase, C-terminal	4.478315591635435e-8	Zmays
Elongation factor 1-gamma, plant	7.956282915937609e-8	Zmays
Elongation factor 1B gamma, C-terminal	7.956282915937609e-8	Zmays
Elongation factor EF1B gamma, C-terminal domain superfamily	7.956282915937609e-8	Zmays
Flavin amine oxidase	3.637048378027761e-7	Zmays
AMP-binding, conserved site	4.938487694191551e-7	Zmays
Fructose-bisphosphate aldolase class-I active site	9.327839238394459e-7	Zmays
AMP-dependent synthetase/ligase	1.3292220878514075e-6	Zmays
ANL, N-terminal domain	1.7392321002920127e-6	Zmays
Glutathione Transferase family	2.243520592284415e-6	Zmays
Isoprenoid synthase domain superfamily	1.054957181473605e-5	Zmays
Delta l-pyrroline-5-carboxylate synthetase	1.054957181473605e-5	Zmays
Gamma-glutamyl phosphate reductase GPR, conserved site	1.054957181473605e-5	Zmays
Glutamate 5-kinase, conserved site	1.054957181473605e-5	Zmays
Glutamate 5-kinase/delta-1-pyrroline-5-carboxylate synthase	1.054957181473605e-5	Zmays
Glutamate/acetylglutamate kinase	1.054957181473605e-5	Zmays
GPR domain	1.054957181473605e-5	Zmays
Pyruvate dehydrogenase (acetyl-transferring) E1 component, alpha subunit, subgroup y	1.054957181473605e-5	Zmays
Fructose-bisphosphate aldolase, class-I	1.0905544826059061e-5	Zmays
HAD superfamily	1.1266744267634834e-5	Zmays
HAD-like superfamily	1.1448679227901852e-5	Zmays
Thiamin diphosphate-binding fold	1.8551217164497067e-5	Zmays
AMP-activated protein kinase, glycogen-binding domain	2.0370786391228723e-5	Zmays
Glutathione S-transferase, C-terminal-like	2.1154045949822107e-5	Zmays
Glutathione S-transferase, C-terminal domain superfamily	5.691041449929653e-5	Zmays
Glutathione S-transferase, N-terminal	6.936866781935196e-5	Zmays
Hexokinase, binding site	7.718477450582113e-5	Zmays
Amine oxidase	1.1616051096123288e-4	Zmays
Phospholipid/glycerol acyltransferase	1.696143258639321e-4	Zmays
Pyridoxal phosphate-dependent transferase, small domain	2.1894302659195822e-4	Zmays
Dehydrogenase, E1 component	3.838571996641036e-4	Zmays
Pyridoxal phosphate-dependent transferase, major domain	4.991174540773893e-4	Zmays
Transferase	5.444140102604919e-4	Zmays
CBS domain	6.256478059704199e-4	Zmays
Pyridoxal phosphate-dependent transferase	6.531013428827953e-4	Zmays
Glutathione S-transferase, C-terminal	9.8233051111549e-4	Zmays
Chloramphenicol acetyltransferase-like domain superfamily	0.0012050174319561933	Zmays
Band 4.1 domain	0.0012896666246586003	Zmays
Bifunctional delta 1-pyrroline-5-carboxylate synthetase, glutamate-5-kinase domain	0.0012896666246586003	Zmays
Carbamoyl-phosphate synthase large chain, methylglyoxal synthase-like domain	0.0012896666246586003	Zmays
Carbamoyl-phosphate synthase small subunit, GATase1 domain	0.0012896666246586003	Zmays
Carbamoyl-phosphate synthase small subunit, N-terminal domain	0.0012896666246586003	Zmays
Carbamoyl-phosphate synthase small subunit, N-terminal domain superfamily	0.0012896666246586003	Zmays
Carbamoyl-phosphate synthase, large subunit	0.0012896666246586003	Zmays
Carbamoyl-phosphate synthase, small subunit	0.0012896666246586003	Zmays
FERM central domain	0.0012896666246586003	Zmays
FERM domain	0.0012896666246586003	Zmays
FERM superfamily, second domain	0.0012896666246586003	Zmays
Methylglyoxal synthase-like domain	0.0012896666246586003	Zmays
Methylglyoxal synthase-like domain superfamily	0.0012896666246586003	Zmays
MyTH4 domain	0.0012896666246586003	Zmays
MyTH4 domain superfamily	0.0012896666246586003	Zmays
Prismane-like superfamily	0.0012896666246586003	Zmays
SUVR5, C2H2-type Zinc finger, 3 repeats	0.0012896666246586003	Zmays
ATP-sulfurylase PUA-like domain	0.003182182617861989	Zmays
Carbamoyl-phosphate synthase large subunit, CPSase domain	0.003182182617861989	Zmays
Carbamoyl-phosphate synthetase, large subunit oligomerisation domain	0.003182182617861989	Zmays
Carbamoyl-phosphate synthetase, large subunit oligomerisation domain superfamily	0.003182182617861989	Zmays
Citrate synthase, eukaryotic-type	0.003182182617861989	Zmays
Farnesyl pyrophosphate synthase-like	0.003182182617861989	Zmays
Light-dependent protochlorophyllide reductase	0.003182182617861989	Zmays
Methionine-tRNA ligase, type 1	0.003182182617861989	Zmays
Methioninyl-tRNA synthetase core domain	0.003182182617861989	Zmays
Methionyl-tRNA synthetase	0.003182182617861989	Zmays
Methionyl-tRNA synthetase, anticodon-binding domain	0.003182182617861989	Zmays
Sulphate adenylyltransferase	0.003182182617861989	Zmays
tRNA-binding domain	0.003182182617861989	Zmays
Aspartate/glutamate/uridylate kinase	0.003274462439038833	Zmays
Immunoglobulin E-set	0.004240014822629801	Zmays
ATPase, nucleotide binding domain	0.004254842723271859	Zmays
Acetylglutamate kinase-like superfamily	0.00552836112747604	Zmays
3-hydroxyacyl-CoA dehydrogenase, NAD binding	0.00552836112747604	Zmays
Citrate synthase active site	0.00552836112747604	Zmays
Cys/Met metabolism, pyridoxal phosphate-dependent enzyme	0.00552836112747604	Zmays
Cystathionine gamma-synthase 1/2	0.00552836112747604	Zmays
Methionyl-tRNA synthetase, Zn-domain	0.00552836112747604	Zmays
Methionyl/Leucyl tRNA synthetase	0.00552836112747604	Zmays
Peroxisomal fatty acid beta-oxidation multifunctional protein AIM1-like	0.00552836112747604	Zmays
Aldehyde dehydrogenase, C-terminal	0.00589104196753179	Zmays
Aldehyde dehydrogenase domain	0.006525986850067098	Zmays
Aldehyde dehydrogenase, N-terminal	0.006525986850067098	Zmays
Aldehyde/histidinol dehydrogenase	0.007276214539105024	Zmays
Aromatic-L-amino-acid decarboxylase	0.008313137994719572	Zmays
Dehydroascorbate reductases DHAR1/2/3/4	0.008313137994719572	Zmays
Enoyl-CoA hydratase/isomerase, conserved site	0.008313137994719572	Zmays
Long-chain fatty acid CoA synthetase, eukaryotic	0.008313137994719572	Zmays
Pyridoxal-phosphate binding site	0.008313137994719572	Zmays
Immunoglobulin-like fold	0.009785306023844214	Zmays
Citrate synthase	0.011695347044097288	Zmays
Citrate synthase-like, large alpha subdomain	0.011695347044097288	Zmays
Citrate synthase-like, small alpha subdomain	0.011695347044097288	Zmays
Malate dehydrogenase, type 1	0.011695347044097288	Zmays
Pyruvate dehydrogenase E1 component subunit beta	0.011695347044097288	Zmays
Carbamoyl-phosphate synthetase large subunit-like, ATP-binding domain	0.01601659656331181	Zmays
Phospholipase D-like domain	0.01601659656331181	Zmays
Aminotransferases, class-I, pyridoxal-phosphate-binding site	0.020124027235320967	Zmays
Citrate synthase superfamily	0.020124027235320967	Zmays
FERM/acyl-CoA-binding protein superfamily	0.020124027235320967	Zmays
Sulphate adenylyltransferase catalytic domain	0.020124027235320967	Zmays
Transketolase C-terminal/Pyruvate-ferredoxin oxidoreductase domain II	0.020124027235320967	Zmays
Transketolase, C-terminal domain	0.020124027235320967	Zmays
Thioredoxin-like superfamily	0.022380950252656406	Zmays
Phospholipase D, plant	0.02534662803270929	Zmays
Rossmann-like alpha/beta/alpha sandwich fold	0.02998368820671932	Zmays
Malate dehydrogenase, active site	0.030503385408865994	Zmays
Phospholipase D, C-terminal	0.030503385408865994	Zmays
Pyridoxal phosphate-dependent decarboxylase	0.030503385408865994	Zmays
Pre-SET domain	0.036875293105398325	Zmays
Aldolase-type TIM barrel	0.04029040466119325	Zmays
Lactate dehydrogenase/glycoside hydrolase, family 4, C-terminal	0.04231202613905946	Zmays
Lactate/malate dehydrogenase, C-terminal	0.04231202613905946	Zmays
Pre-ATP-grasp domain superfamily	0.04231202613905946	Zmays
Transketolase-like, pyrimidine-binding domain	0.04231202613905946	Zmays
Zinc finger, CCHC-type	0.04509865867217381	Zmays
ATP-grasp fold	0.04828417331153673	Zmays
Enoyl-CoA hydratase/isomerase	0.04828417331153673	Zmays
Lactate/malate dehydrogenase, N-terminal	0.04828417331153673	Zmays
Zinc finger, CCHC-type superfamily	0.048648896717948635	Zmays
